"unit_id","continent","technique"
"AT.S1H","Europe","Amplicon"
"IF.S4S","Europe","Shotgun"
"GL.S5H","Europe","Amplicon"
"AS.S6W","Asia","Amplicon"
"IBY.S7W","Asia","Amplicon"
"IF.S10S.1","Europe","Shotgun"
"FC.S12S.1","Europe","Isolate"
"IF.S13M.1","Europe","Isolate"
"AG.S14W.1","Europe","Isolate"
"NMQ.S18W","Europe","Amplicon"
"XW.S19WS","Asia","Amplicon"
"XW.S19S.I","Europe","Amplicon"
"LB.S20S","Europe","Amplicon"
"VI.S21S","Europe","Shotgun"
"HA.S24WS","Europe","Isolate"
"TA.S25W.1","Europe","Isolate"
"YZ.S27H.1","Asia","Amplicon"
"CK.S31M.1","North America","Isolate"
"SA.S34W","Europe","Isolate"
"TQ.S36S.2","Asia","Shotgun"
"TQ.S36W.1","Asia","Shotgun"
"TQ.S36M.3","Asia","Shotgun"
"TQ.S36H.5","Asia","Shotgun"
"JHK.S37W.1","Asia","Amplicon"
"PY.S40W","Europe","Shotgun"
"FL.S41H","Asia","Amplicon"
"JDGL.S44W","Europe","Amplicon"
"FB.S45S.1","Europe","Amplicon"
"FB.S45SS.4","Europe","Amplicon"
"IF.S46S.I","Europe","Isolate"
"IF.S46S","Europe","Amplicon"
"LJ.S47WS","Asia","Amplicon"
"YL.S48S.I","Asia","Isolate"
"QC.S49W","Asia","Shotgun"
"EK.S50W","Europe","Amplicon"
"EK.S50WS","Europe","Amplicon"
"DBS.S51W.I","Asia","Amplicon"
"FH.S52W","Asia","Amplicon"
"QZ.S53W","Asia","Shotgun"
"PN.S54O","Asia","Amplicon"
"QG.S55H","Asia","Amplicon"
"NMO.S56H","Europe","Isolate"
"YW.S57H.1","Asia","Amplicon"
"WZ.S60H.1","Asia","Amplicon"
"LB.S61WS.1","Europe","Amplicon"
"MJ.S63S","Europe","Isolate"
"ES.S64W","Asia","Amplicon"
"BTCG.S65W","Europe","Isolate"
"UP.S67HS.1","Europe","Isolate"
"JP.S68S","Europe","Amplicon"
"MB.S70M.1","Europe","Amplicon"
"PT.S72W","Europe","Isolate"
"CA.S73W","Europe","Isolate"
"FV.S75W","Europe","Isolate"
"GB.S76W","Europe","Isolate"
"GC.S77W","Europe","Isolate"
"NF.S78W","Europe","Isolate"
"LI.S79W","Europe","Isolate"
"GC.S80W","Europe","Isolate"
"MC.S83W","Europe","Amplicon"
"BZ.S84W.1","Europe","Amplicon"
"NFB.S85W","Europe","Amplicon"
"EP.S86M.1","Europe","Isolate"
"EP.S86H.2","Europe","Isolate"
"MK.S91W","Asia","Isolate"
"SE.S92S","Asia","Isolate"
"BM.S93M","Asia","Amplicon"
"ED.S94W","Europe","Isolate"
"BD.S95WS","Europe","Isolate"
"BM.S97WS.1","Europe","Isolate"
"EK.S103WS.1","Europe","Amplicon"
"WX.S104W","Asia","Amplicon"
"XZ.S105WS.1","Asia","Amplicon"
"WS.S107MS.1","Asia","Amplicon"
"HY.S108W","Asia","Amplicon"
"HY.S109W","Asia","Amplicon"
"JW.S110W.I","Asia","Amplicon"
"ZH.S112W.1","Asia","Amplicon"
"ZH.S112WS.4","Asia","Amplicon"
"WC.S113M","Asia","Amplicon"
"HC.S114W","Asia","Amplicon"
"YM.S116W","Asia","Amplicon"
"HZ.S117M.I","Asia","Isolate"
"SZ.S119W","Asia","Amplicon"
"XZ.S121H","Asia","Amplicon"
"CL.S122H.1","Asia","Amplicon"
"LS.S123H","Asia","Amplicon"
"HW.S124H","Asia","Amplicon"
"GL.S125H","Asia","Shotgun"
"YW.S126H.1","Asia","Amplicon"
"LX.S127H.1","Europe","Amplicon"
"YH.S128H","Asia","Amplicon"
"MOB.S130WS.1","Asia","Amplicon"
"MOB.S130MS.3","Asia","Amplicon"
"SGM.S136M","Africa","Isolate"
"ZBB.S138W","Africa","Isolate"
"CF.S139W","South America","Isolate"
"AR.S141W.1","South America","Isolate"
"MTN.S143W","South America","Isolate"
"VB.S145M","South America","Isolate"
"VP.S149S.1","Europe","Isolate"
"RU.S150W.1","Europe","Isolate"
"EVR.S156O.1","Europe","Amplicon"
"CF.S161W.1","South America","Amplicon"
"MFP.S162M","South America","Isolate"
"LY.S163MS","Asia","Amplicon"
"AKR.S164WS.1","Asia","Isolate"
"AKR.S164MS.4","Asia","Isolate"
"KO.S165M.1","Asia","Isolate"
"KO.S165WS.2","Asia","Isolate"
"EP.S168W","Europe","Isolate"
"YTNP.S169O.1","Asia","Isolate"
"LS.S170S.1","Europe","Isolate"
"MG.S172W","Europe","Amplicon"
"JC.S173W.1","North America","Isolate"
"LJ.S174O","Asia","Amplicon"
"FP.S175W","Europe","Amplicon"
"MY.S176H","Asia","Amplicon"
"VR.S177M","Europe","Amplicon"
"LB.S178W.1","Europe","Isolate"
"IF.S179S.1","Europe","Isolate"
"SF.S180S","Europe","Isolate"
"GS.S181S","Europe","Isolate"
"MB.S70M.2","Europe","Amplicon"
"CF.S161W.2","South America","Isolate"
"RU.S150W.2","Europe","Isolate"
"RU.S150W.3","Europe","Isolate"
"TA.S25W.2","Europe","Isolate"
"XW.S19W","Asia","Amplicon"
"YTNP.S169O.2","Asia","Isolate"
"BZ.S84W.2","Europe","Amplicon"
"BZ.S84W.3","Europe","Amplicon"
"BZ.S84W.4","Europe","Amplicon"
"CK.S31M.2","North America","Amplicon"
"DV.S96WS.1","Europe","Isolate"
"DV.S96WS.2","Europe","Isolate"
"MCGF.S167WS","Europe","Isolate"
"KR.S42WS.1","Europe","Isolate"
"KR.S42WS.2","Europe","Isolate"
"KR.S42W.3","Europe","Isolate"
"MAM.S59WS","Europe","Isolate"
"BM.S97WS.I","Europe","Isolate"
"BM.S97WS.I2","Europe","Isolate"
"KR.S147W","Europe","Isolate"
"MFP.S162M.I","South America","Isolate"
"MFP.S162M.I2","South America","Isolate"
"MAM.S59WS.I","Europe","Isolate"
"CM.S39.SI","Europe","Amplicon"
"CP.S160W","Asia","Amplicon"
"RA.S135M.1","Africa","Isolate"
"RA.S135M.2","Africa","Isolate"
"UP.S67HS.2","Europe","Isolate"
"CL.S122H.2","Asia","Amplicon"
"CL.S122H.3","Asia","Amplicon"
"DTLN.S132W","Asia","Isolate"
"FC.S12S.2","Europe","Amplicon"
"FC.S12S.SI.1","Europe","Isolate"
"FC.S66W.SI","Europe","Isolate"
"FC.S66W.SI2","Europe","Isolate"
"KB.S137M","Africa","Isolate"
"KO.S165WS.3","Asia","Isolate"
"LA.S22S","Europe","Isolate"
"FC.S12S.SI.2","Europe","Amplicon"
"MMF.S17WS.1","Europe","Amplicon"
"MMF.S17WS.2","Europe","Amplicon"
"RD.S38SS.1","South America","Amplicon"
"RD.S38SS.2","South America","Isolate"
"NPM.S58WS","Europe","Isolate"
"MJ.S63S.I","Europe","Isolate"
"MJ.S63W","Europe","Isolate"
"MJ.S63W.I","Europe","Isolate"
"LS.S170S.2","Europe","Amplicon"
"LS.S170S.3","Europe","Isolate"
"LS.S170S.4","Europe","Amplicon"
"LS.S170S.5","Europe","Isolate"
"LS.S170S.6","Europe","Amplicon"
"LS.S170S.7","Europe","Isolate"
"LS.S170S.8","Europe","Amplicon"
"VI.S21W.1","Europe","Shotgun"
"VI.S21W.2","Europe","Shotgun"
"VI.S21W.3","Africa","Shotgun"
"VP.S149S.2","Europe","Isolate"
"SE.S92W.1","Asia","Isolate"
"SE.S92W.2","Asia","Isolate"
"VB.S145M.I","South America","Isolate"
"CB.S28W","Europe","Shotgun"
"FB.S45S.2","Europe","Amplicon"
"FB.S45S.3","Europe","Amplicon"
"FB.S45SS.5","Europe","Amplicon"
"FB.S45S.6","Europe","Amplicon"
"FB.S45S.7","Europe","Amplicon"
"FB.S45S.8","Europe","Amplicon"
"FB.S45S.9","Europe","Amplicon"
"FB.S45S.10","Europe","Amplicon"
"FB.S45S.11","Europe","Amplicon"
"FB.S45S.12","Europe","Amplicon"
"FB.S45S.13","Europe","Amplicon"
"FB.S45SS.14","Europe","Amplicon"
"FB.S45S.15","Europe","Amplicon"
"DBS.S51W","Asia","Isolate"
"EVR.S156O.2","Europe","Amplicon"
"EVR.S156O.3","Europe","Amplicon"
"EVR.S156O.4","Europe","Amplicon"
"EVR.S156O.5","Europe","Amplicon"
"GC.S80W.I","Europe","Isolate"
"GP.S99WS","Europe","Isolate"
"IF.S13M.2","Europe","Amplicon"
"JDGL.S44W.I","Europe","Amplicon"
"IF.S46S.I2","Europe","Amplicon"
"IF.S179S.I","Europe","Amplicon"
"JHK.S37W.2","Asia","Amplicon"
"JHK.S37W.3","Asia","Amplicon"
"JHK.S37W.4","Asia","Amplicon"
"JP.S68S.I","Europe","Isolate"
"LB.S61WS.2","Europe","Amplicon"
"LB.S61WS.3","Europe","Isolate"
"LB.S61WS.4","Europe","Isolate"
"LB.S178W.2","Europe","Amplicon"
"NFB.S85W.I","Europe","Amplicon"
"LX.S127H.2","Asia","Amplicon"
"LX.S127H.3","Asia","Amplicon"
"MG.S172W.I","Europe","Amplicon"
"NMQ.S18WS","Europe","Amplicon"
"QC.S49W.I","Asia","Shotgun"
"SZ.S119W.I","Asia","Amplicon"
"SZ.S119W.I2","Asia","Amplicon"
"SZ.S119W.I3","Asia","Amplicon"
"SZ.S119W.I4","Asia","Amplicon"
"WS.S107MS.2","Asia","Amplicon"
"WS.S107MS.3","Asia","Amplicon"
"XZ.S105WS.2","Asia","Amplicon"
"YM.S116W.I","Asia","Amplicon"
"YW.S126H.2","Asia","Amplicon"
"YW.S126H.3","Asia","Amplicon"
"YW.S57H.2","Asia","Isolate"
"FH.S52WI","Asia","Amplicon"
"IF.S10S.2","Europe","Isolate"
"ZH.S112W.2","Asia","Amplicon"
"ZH.S112W.3","Asia","Amplicon"
"IF.S4S.1","Europe","Isolate"
"IF.S4S.I","Europe","Shotgun"
"IF.S4S.I.1","Europe","Isolate"
"MC.S83W.I.1","Europe","Isolate"
"MC.S83W.I","Europe","Amplicon"
"MC.S83W.1","Europe","Isolate"
"MOB.S130WS.2","Asia","Amplicon"
"MOB.S130O.4","Asia","Amplicon"
"PY.S40W.I","Asia","Shotgun"
"PY.S40W.I2","Asia","Shotgun"
"PY.S40W.I3","Asia","Shotgun"
"VR.S177M.I","Europe","Amplicon"
"YL.S48S.I2","Asia","Isolate"
"YL.S48S.I3","Asia","Isolate"
"YL.S48S.I4","Asia","Isolate"
"YL.S48S.I5","Asia","Isolate"
"YL.S48S.I6","Asia","Isolate"
"WZ.S60H.2","Asia","Isolate"
"WZ.S60W.I","Asia","Isolate"
"EK.S103WS.2","Europe","Amplicon"
"AG.S14W.2","Europe","Isolate"
"AG.S14W.3","Europe","Amplicon"
"AKR.S164WS.2","Asia","Isolate"
"AKR.S164WS.3","Asia","Isolate"
"AKR.S164MS.5","Asia","Isolate"
"AKR.S164MS.6","Asia","Isolate"
"AR.S141W.2","South America","Isolate"
"BTCG.S65W.I","Europe","Isolate"
"ES.S64W.I","Asia","Amplicon"
"ES.S64W.I2","Asia","Amplicon"
"FV.S75W.I","Europe","Isolate"
"GL.S5H.2","Europe","Shotgun"
"HZ.S117M.I2","Asia","Isolate"
"HZ.S117M.I3","Asia","Isolate"
"HZ.S117M.I4","Asia","Isolate"
"HZ.S117M","Asia","Amplicon"
"JC.S173W.2","North America","Amplicon"
"HZ.S117M.I5","Asia","Isolate"
"YZ.S27H.2","Asia","Amplicon"
"YZ.S27H.3","Asia","Amplicon"
"YZ.S27H.4","Europe","Amplicon"
"YZ.S27H.5","Europe","Amplicon"
"TQ.S36O.4","Asia","Shotgun"
