"entry","analysis_units","total_units","frequency_percent","source_row"
"Acetobacter spp","1","282","0.354610","10"
"Acinetobacter albensis","1","282","0.354610","11"
"Acinetobacter baumannii","5","282","1.773050","12"
"Acinetobacter gandensis","1","282","0.354610","13"
"Acinetobacter guillouiae","7","282","2.482270","14"
"Acinetobacter haemolyticus","7","282","2.482270","15"
"Acinetobacter harbinensis","2","282","0.709220","16"
"Acinetobacter johnsonii","10","282","3.546099","17"
"Acinetobacter lwoffii","6","282","2.127660","18"
"Acinetobacter parvus","2","282","0.709220","19"
"Acinetobacter pittii","6","282","2.127660","20"
"Acinetobacter pseudolwoffii","5","282","1.773050","21"
"Acinetobacter rhizosphaerae","1","282","0.354610","22"
"Acinetobacter spp","58","282","20.567376","23"
"Acinetobacter tjernbergiae","1","282","0.354610","24"
"Aeromonas spp","8","282","2.836879","25"
"Alkaliphilus halophilus","1","282","0.354610","26"
"Alternaria alternata","4","282","1.418440","27"
"Alternaria spp","7","282","2.482270","28"
"Alternaria tenuissima","1","282","0.354610","29"
"Alternaria tropica","1","282","0.354610","30"
"Anoxybacillus kestanbolensis","1","282","0.354610","31"
"Anoxybacillus spp","1","282","0.354610","32"
"Apiotrichum spp","2","282","0.709220","33"
"Arthrobacter spp","3","282","1.063830","34"
"Aspergillus canadensis","1","282","0.354610","35"
"Aspergillus cibarius","1","282","0.354610","36"
"Aspergillus penicillioides","2","282","0.709220","37"
"Aspergillus ruber","3","282","1.063830","38"
"Aspergillus spp","23","282","8.156028","39"
"Aspergillus tardicrescens","2","282","0.709220","40"
"Aspergillus vitricola","1","282","0.354610","41"
"Aureobasidium proteae","1","282","0.354610","42"
"Aureobasidium pullulans","1","282","0.354610","43"
"Aureobasidium spp","4","282","1.418440","44"
"Bacillus amyloliquefaciens","1","282","0.354610","45"
"Bacillus benzoevorans","1","282","0.354610","46"
"Bacillus cereus","8","282","2.836879","47"
"Bacillus inaquosorum","1","282","0.354610","48"
"Bacillus licheniformis","4","282","1.418440","49"
"Bacillus mycoides","5","282","1.773050","50"
"Bacillus pumilus","1","282","0.354610","51"
"Bacillus subtilis","12","282","4.255319","52"
"Bacillus thuringiensis","2","282","0.709220","53"
"Bacillus velezensis","1","282","0.354610","54"
"Bacteroides propionicifaciens","1","282","0.354610","55"
"Bacteroides spp","3","282","1.063830","56"
"Barnettozyma californica","2","282","0.709220","57"
"Bdellovibrio bacteriovorus","1","282","0.354610","58"
"Bifidobacterium animalis","1","282","0.354610","59"
"Bifidobacterium longum","1","282","0.354610","60"
"Bifidobacterium mongoliense","1","282","0.354610","61"
"Brachybacterium conglomeratum","1","282","0.354610","62"
"Brachybacterium spp","2","282","0.709220","63"
"Bradyrhizobium elkanii","1","282","0.354610","64"
"Bradyrhizobium spp","5","282","1.773050","65"
"Brevibacillus parabrevis","1","282","0.354610","66"
"Brevibacterium antiquum","1","282","0.354610","67"
"Brevibacterium aureum","1","282","0.354610","68"
"Brevibacterium casei","1","282","0.354610","69"
"Brevibacterium luteolum","1","282","0.354610","70"
"Brevibacterium spp","10","282","3.546099","71"
"Brevundimonas diminuta","1","282","0.354610","72"
"Brevundimonas spp","2","282","0.709220","73"
"Brochothrix spp","46","282","16.312057","74"
"Brochothrix thermosphacta","27","282","9.574468","75"
"Brucella spp","3","282","1.063830","76"
"Burkholderia spp","2","282","0.709220","77"
"Candida metapsilosis","2","282","0.709220","78"
"Candida oxycetoniae","3","282","1.063830","79"
"Candida parapsilosis","6","282","2.127660","80"
"Candida spp","15","282","5.319149","81"
"Candida tropicalis","3","282","1.063830","82"
"Candida zeylanoides","14","282","4.964539","83"
"Candidatus Cardinium","1","282","0.354610","84"
"Carnobacteriaceae spp","4","282","1.418440","85"
"Carnobacterium divergens","13","282","4.609929","86"
"Carnobacterium funditum","1","282","0.354610","87"
"Carnobacterium gallinarum","1","282","0.354610","88"
"Carnobacterium iners","1","282","0.354610","89"
"Carnobacterium maltaromaticum","3","282","1.063830","90"
"Carnobacterium spp","31","282","10.992908","91"
"Carnobacterium viridans","4","282","1.418440","92"
"Celerinatantimonas diazotrophica","1","282","0.354610","93"
"Chromohalobacter spp","8","282","2.836879","94"
"Chryseobacterium oleae","1","282","0.354610","95"
"Chryseobacterium spp","8","282","2.836879","96"
"Citrobacter braakii","1","282","0.354610","97"
"Citrobacter freundii","1","282","0.354610","98"
"Citrobacter spp","8","282","2.836879","99"
"Citrobacter youngae","1","282","0.354610","100"
"Cladosporium aggregatocicatricatum","1","282","0.354610","101"
"Cladosporium allicinum","1","282","0.354610","102"
"Cladosporium cladosporioides","6","282","2.127660","103"
"Cladosporium pseudocladosporioides","1","282","0.354610","104"
"Cladosporium spp","8","282","2.836879","105"
"Cladosporium tenuissimum","2","282","0.709220","106"
"Clavispora spp","4","282","1.418440","107"
"Clostridium perfringens","2","282","0.709220","108"
"Clostridium spp","13","282","4.609929","109"
"Clostridium tyrobutyricum","1","282","0.354610","110"
"Cobetia marina","1","282","0.354610","111"
"Cobetia spp","15","282","5.319149","112"
"Colletotrichum spp","1","282","0.354610","113"
"Companilactobacillus alimentarius","15","282","5.319149","114"
"Companilactobacillus heilongjiangensis","1","282","0.354610","115"
"Companilactobacillus paralimentarius","1","282","0.354610","116"
"Companilactobacillus spp","7","282","2.482270","117"
"Companilactobacillus versmoldensis","7","282","2.482270","118"
"Corynebacterium spp","8","282","2.836879","119"
"Corynebacterium variabile","5","282","1.773050","120"
"Cronobacter spp","2","282","0.709220","121"
"Cryptococcus spp","2","282","0.709220","122"
"Cutaneotrichosporon spp","2","282","0.709220","123"
"Cutibacterium acnes","1","282","0.354610","124"
"Cyanobacteriales spp","2","282","0.709220","125"
"Cyberlindnera jadinii","2","282","0.709220","126"
"Cyberlindnera spp","1","282","0.354610","127"
"Cyberlindnera suaveolens","2","282","0.709220","128"
"Debaryomyces hansenii","41","282","14.539007","129"
"Debaryomyces hansenii var. hansenii","1","282","0.354610","130"
"Debaryomyces nepalensis","1","282","0.354610","131"
"Debaryomyces prosopidis","2","282","0.709220","132"
"Debaryomyces spp","19","282","6.737589","133"
"Delftia spp","1","282","0.354610","134"
"Dellaglioa algida","6","282","2.127660","135"
"Dendryphiella spp","1","282","0.354610","136"
"Didymella negriana","2","282","0.709220","137"
"Didymella spp","1","282","0.354610","138"
"Dietzia spp","3","282","1.063830","139"
"Dioszegia crocea","1","282","0.354610","140"
"Dipodascus spp","4","282","1.418440","141"
"Emiticicia ginsengisoli","1","282","0.354610","142"
"Enhydrobacter spp","1","282","0.354610","143"
"Enterobacter cancerogenus","1","282","0.354610","144"
"Enterobacter cloacae","3","282","1.063830","145"
"Enterobacter spp","9","282","3.191489","146"
"Enterobacteriaceae spp","37","282","13.120567","147"
"Enterococcus canintestini","1","282","0.354610","148"
"Enterococcus casseliflavus","1","282","0.354610","149"
"Enterococcus durans","6","282","2.127660","150"
"Enterococcus faecalis","16","282","5.673759","151"
"Enterococcus faecium","22","282","7.801418","152"
"Enterococcus hawaiiensis","1","282","0.354610","153"
"Enterococcus hirae","6","282","2.127660","154"
"Enterococcus pseudoavium","2","282","0.709220","155"
"Enterococcus spp","68","282","24.113475","156"
"Entyloma dahliae","1","282","0.354610","157"
"Erysipelothrix spp","3","282","1.063830","158"
"Erysipelothrix tonsillarum","1","282","0.354610","159"
"Escherichia coli","8","282","2.836879","160"
"Escherichia spp","4","282","1.418440","161"
"Exiguobacterium spp","1","282","0.354610","162"
"Faecalibacterium spp","3","282","1.063830","163"
"Flavobacterium spp","1","282","0.354610","164"
"Fructobacillus spp","1","282","0.354610","165"
"Fungi spp","2","282","0.709220","166"
"Fusarium spp","13","282","4.609929","167"
"Gaeumannomyces spp","3","282","1.063830","168"
"Galactomyces candidum","1","282","0.354610","169"
"Gardnerella spp","1","282","0.354610","170"
"Glomus hyderabadensis","1","282","0.354610","171"
"Gluconacetobacter spp","1","282","0.354610","172"
"Glutamicibacter protophormiae","5","282","1.773050","173"
"Hafnia alvei","3","282","1.063830","174"
"Halomonas garicola","1","282","0.354610","175"
"Halomonas spp","16","282","5.673759","176"
"Hanseniaspora opuntiae","1","282","0.354610","177"
"Hanseniaspora thailandica","1","282","0.354610","178"
"Hanseniaspora uvarum","1","282","0.354610","179"
"Herbaspirillum huttiense","1","282","0.354610","180"
"Holtermanniella spp","1","282","0.354610","181"
"Hyphopichia spp","2","282","0.709220","182"
"Itersonilia perplexans","4","282","1.418440","183"
"Kazachstania exigua","1","282","0.354610","184"
"Ketogulonicigenium vulgare","1","282","0.354610","185"
"Klebsiella michiganensis","2","282","0.709220","186"
"Klebsiella pneumoniae","7","282","2.482270","187"
"Klebsiella spp","13","282","4.609929","188"
"Kluyvera intermedia","5","282","1.773050","189"
"Kluyveromyces marxianus","5","282","1.773050","190"
"Kocuria palustris","2","282","0.709220","191"
"Kocuria rhizophila","2","282","0.709220","192"
"Kocuria salsicia","3","282","1.063830","193"
"Kocuria spp","8","282","2.836879","194"
"Kocuria varians","3","282","1.063830","195"
"Kodamaea ohmeri","2","282","0.709220","196"
"Kodamaea spp","1","282","0.354610","197"
"Kurthia gibsonii","2","282","0.709220","198"
"Kurthia spp","5","282","1.773050","199"
"Kurthia zopfii","2","282","0.709220","200"
"Kurtzmaniella santamariae","3","282","1.063830","201"
"Kurtzmaniella spp","5","282","1.773050","202"
"Kurtzmaniella zeylanoides","6","282","2.127660","203"
"Lachancea spp","3","282","1.063830","204"
"Lacticaseibacillus casei","10","282","3.546099","205"
"Lacticaseibacillus nasuensis","1","282","0.354610","206"
"Lacticaseibacillus paracasei","12","282","4.255319","207"
"Lacticaseibacillus rhamnosus","14","282","4.964539","208"
"Lacticaseibacillus spp","4","282","1.418440","209"
"Lactiplantibacillus paraplantarum","12","282","4.255319","210"
"Lactiplantibacillus pentosus","6","282","2.127660","211"
"Lactiplantibacillus plantarum","66","282","23.404255","212"
"Lactiplantibacillus plantarum group","1","282","0.354610","213"
"Lactiplantibacillus spp","6","282","2.127660","214"
"Lactobacillus amylovorus","3","282","1.063830","215"
"Lactobacillus crispatus","1","282","0.354610","216"
"Companilactobacillus crustorum","3","282","1.063830","217"
"Lactobacillus delbrueckii","5","282","1.773050","218"
"Lactobacillus gasseri","1","282","0.354610","219"
"Lactobacillus helveticus","7","282","2.482270","220"
"Lactobacillus johnsonii","3","282","1.063830","221"
"Lactobacillus rossiae","1","282","0.354610","222"
"Lactococcus cremoris","5","282","1.773050","223"
"Lactococcus formosensis","1","282","0.354610","224"
"Lactococcus garvieae","18","282","6.382979","225"
"Lactococcus lactis","20","282","7.092199","226"
"Lactococcus petauri","1","282","0.354610","227"
"Lactococcus raffinolactis","2","282","0.709220","228"
"Lactococcus spp","62","282","21.985816","229"
"Lasiodiplodia spp","2","282","0.709220","230"
"Latilactobacillus curvatus","66","282","23.404255","231"
"Latilactobacillus fuchuensis","6","282","2.127660","232"
"Latilactobacillus graminis","10","282","3.546099","233"
"Latilactobacillus sakei","124","282","43.971631","234"
"Latilactobacillus spp","17","282","6.028369","235"
"Lentibacillus alimentarius","5","282","1.773050","236"
"Lentibacillus kimchii","1","282","0.354610","237"
"Lentilactobacillus kefiri","1","282","0.354610","238"
"Leuconostoc carnosum","26","282","9.219858","239"
"Leuconostoc citreum","13","282","4.609929","240"
"Leuconostoc fallax","5","282","1.773050","241"
"Leuconostoc gasicomitatum","1","282","0.354610","242"
"Leuconostoc gelidum","7","282","2.482270","243"
"Leuconostoc inhae","2","282","0.709220","244"
"Leuconostoc kimchii","1","282","0.354610","245"
"Leuconostoc lactis","4","282","1.418440","246"
"Leuconostoc mesenteroides","37","282","13.120567","247"
"Leuconostoc pseudomesenteroides","4","282","1.418440","248"
"Leuconostoc spp","57","282","20.212766","249"
"Levilactobacillus brevis","29","282","10.283688","250"
"Levilactobacillus parabrevis","1","282","0.354610","251"
"Levilactobacillus paucivorans","1","282","0.354610","252"
"Levilactobacillus spp","4","282","1.418440","253"
"Levilactobacillus yonginensis group","1","282","0.354610","254"
"Ligilactobacillus acidipiscis","1","282","0.354610","255"
"Ligilactobacillus salivarius","3","282","1.063830","256"
"Ligilactobacillus spp","2","282","0.709220","257"
"Limnobacter thiooxidans","1","282","0.354610","258"
"Limosilactobacillus fermentum","9","282","3.191489","259"
"Limosilactobacillus mucosae","3","282","1.063830","260"
"Limosilactobacillus reuteri","3","282","1.063830","261"
"Limosilactobacillus spp","5","282","1.773050","262"
"Listeria monocytogenes","6","282","2.127660","263"
"Listeria spp","6","282","2.127660","264"
"Lodderomyces elongisporus","3","282","1.063830","265"
"Lodderomyces spp","1","282","0.354610","266"
"Loigolactobacillus coryniformis","1","282","0.354610","267"
"Loigolactobacillus coryniformis subsp. torquens","2","282","0.709220","268"
"Loigolactobacillus rennini","1","282","0.354610","269"
"Macrococcus spp","23","282","8.156028","270"
"Magnusiomyces magnusii","2","282","0.709220","271"
"Malassezia globosa","1","282","0.354610","272"
"Malassezia restricta","1","282","0.354610","273"
"Malassezia spp","5","282","1.773050","274"
"Malassezia yamatoensis","1","282","0.354610","275"
"Mammaliicoccus spp","7","282","2.482270","276"
"Mammaliicoccus vitulinus","20","282","7.092199","277"
"Marinilactobacillus psychrotolerans","1","282","0.354610","278"
"Melampsora apocyni","1","282","0.354610","279"
"Mesorhizobium spp","2","282","0.709220","280"
"Methylotenera mobilis","1","282","0.354610","281"
"Meyerozyma amylolytica","1","282","0.354610","282"
"Meyerozyma caribbica","1","282","0.354610","283"
"Meyerozyma glucosophila","1","282","0.354610","284"
"Meyerozyma guilliermondii","5","282","1.773050","285"
"Meyerozyma spp","6","282","2.127660","286"
"Microbacterium spp","3","282","1.063830","287"
"Micrococcus luteus","1","282","0.354610","288"
"Micrococcus lylae","1","282","0.354610","289"
"Micrococcus spp","11","282","3.900709","290"
"Millerozyma spp","3","282","1.063830","291"
"Moniliella nigrescens","1","282","0.354610","292"
"Morganella spp","2","282","0.709220","293"
"Morganella wisconsensis","1","282","0.354610","294"
"Mortierella spp","3","282","1.063830","295"
"Mucor flavus","1","282","0.354610","296"
"Mucor spp","4","282","1.418440","297"
"Mycobacterium spp","2","282","0.709220","298"
"Myroides phaeus","6","282","2.127660","299"
"Myroides spp","2","282","0.709220","300"
"Neofusicoccum spp","1","282","0.354610","301"
"Neosartorya spp","1","282","0.354610","302"
"Nigrospora oryzae","1","282","0.354610","303"
"Oenococcus oeni","2","282","0.709220","304"
"Paenibacillus spp","5","282","1.773050","305"
"Pantoea agglomerans","1","282","0.354610","306"
"Pantoea spp","4","282","1.418440","307"
"Papiliotrema laurentii","1","282","0.354610","308"
"Parabacteroides spp","1","282","0.354610","309"
"Paracoccus spp","2","282","0.709220","310"
"Paraophiobolus arundinis","1","282","0.354610","311"
"Pediococcus acidilactici","21","282","7.446809","312"
"Pediococcus argentinicus","1","282","0.354610","313"
"Pediococcus claussenii","1","282","0.354610","314"
"Pediococcus damnosus","1","282","0.354610","315"
"Pediococcus pentosaceus","34","282","12.056738","316"
"Pediococcus spp","25","282","8.865248","317"
"Pediococcus stilesii","2","282","0.709220","318"
"Pedobacter spp","1","282","0.354610","319"
"Penicillium bialowiezense","2","282","0.709220","320"
"Penicillium brevicompactum","3","282","1.063830","321"
"Penicillium canescens","1","282","0.354610","322"
"Penicillium chrysogenum","4","282","1.418440","323"
"Penicillium citreonigrum","1","282","0.354610","324"
"Penicillium citrinum","1","282","0.354610","325"
"Penicillium commune","2","282","0.709220","326"
"Penicillium crustosum","1","282","0.354610","327"
"Penicillium cvjetkovicii","1","282","0.354610","328"
"Penicillium glabrum","2","282","0.709220","329"
"Penicillium nalgiovense","11","282","3.900709","330"
"Penicillium nalgoviensis","1","282","0.354610","331"
"Penicillium neocrassum","1","282","0.354610","332"
"Penicillium nordicum","4","282","1.418440","333"
"Penicillium oxalicum","1","282","0.354610","334"
"Penicillium polonicum","1","282","0.354610","335"
"Penicillium roqueforti","4","282","1.418440","336"
"Penicillium rubens","1","282","0.354610","337"
"Penicillium salamii","2","282","0.709220","338"
"Penicillium solitum","4","282","1.418440","339"
"Penicillium spp","23","282","8.156028","340"
"Penicillium thymicola","1","282","0.354610","341"
"Penicillium verrucosum","2","282","0.709220","342"
"Penicillium waksmanii","1","282","0.354610","343"
"Peptostreptococcus russellii","1","282","0.354610","344"
"Pestalotiopsis spp","1","282","0.354610","345"
"Phenylobacterium spp","1","282","0.354610","346"
"Photobacterium angustum","1","282","0.354610","347"
"Photobacterium piscicola","1","282","0.354610","348"
"Photobacterium spp","19","282","6.737589","349"
"Phyllobacterium spp","2","282","0.709220","350"
"Pichia cephalocereana","1","282","0.354610","351"
"Pichia kudriavzevii","1","282","0.354610","352"
"Pichia mandshurica","2","282","0.709220","353"
"Pichia manshurica","1","282","0.354610","354"
"Pichia membranifaciens","2","282","0.709220","355"
"Pichia spp","4","282","1.418440","356"
"Plesiocystis pacifica","1","282","0.354610","357"
"Proteus spp","2","282","0.709220","358"
"Providencia rettgeri","1","282","0.354610","359"
"Pseudoalteromonas spp","5","282","1.773050","360"
"Pseudobutyrivibrio spp","1","282","0.354610","361"
"Pseudomonas aeruginosa","5","282","1.773050","362"
"Pseudomonas canadensis","1","282","0.354610","363"
"Pseudomonas fluorescens","7","282","2.482270","364"
"Pseudomonas fragi","12","282","4.255319","365"
"Pseudomonas nitroreducens","1","282","0.354610","366"
"Pseudomonas putida","2","282","0.709220","367"
"Pseudomonas spp","74","282","26.241135","368"
"Pseudomonas stutzeri","1","282","0.354610","369"
"Pseudomonas umsongensis","2","282","0.709220","370"
"Pseudomonas veronii","1","282","0.354610","371"
"Pseudomonas versuta","6","282","2.127660","372"
"Psychrobacter maritimus","1","282","0.354610","373"
"Psychrobacter psychrophilus","1","282","0.354610","374"
"Psychrobacter pulmonis","3","282","1.063830","375"
"Psychrobacter sanguinis","6","282","2.127660","376"
"Psychrobacter spp","50","282","17.730496","377"
"Rahnella aquatilis","1","282","0.354610","378"
"Ralstonia pickettii","1","282","0.354610","379"
"Ralstonia spp","4","282","1.418440","380"
"Rhizopus spp","6","282","2.127660","381"
"Rhodococcus spp","4","282","1.418440","382"
"Rhodoferax spp","1","282","0.354610","383"
"Rhodotorula glutinis","1","282","0.354610","384"
"Rhodotorula mucilaginosa","2","282","0.709220","385"
"Rhodotorula spp","1","282","0.354610","386"
"Rothia spp","2","282","0.709220","387"
"Ruminococcus spp","2","282","0.709220","388"
"Saccharomyces cerevisiae","8","282","2.836879","389"
"Saccharomyces spp","5","282","1.773050","390"
"Salinicoccus roseus","1","282","0.354610","391"
"Salinivibrio spp","2","282","0.709220","392"
"Salmonella enterica","1","282","0.354610","393"
"Salmonella spp","4","282","1.418440","394"
"Schwanniomyces spp","3","282","1.063830","395"
"Scopulariopsis brevicaulis","1","282","0.354610","396"
"Scopulariopsis spp","5","282","1.773050","397"
"Sediminibacterium spp","2","282","0.709220","398"
"Segetibacter spp","3","282","1.063830","399"
"Serratia liquefaciens","4","282","1.418440","400"
"Serratia marcescens","1","282","0.354610","401"
"Serratia spp","12","282","4.255319","402"
"Shewanella baltica","1","282","0.354610","403"
"Shewanella spp","7","282","2.482270","404"
"Shigella spp","6","282","2.127660","405"
"Solibacillus spp","3","282","1.063830","406"
"Sphingomonas echinoides","3","282","1.063830","407"
"Sphingomonas paucimobilis","1","282","0.354610","408"
"Sphingomonas spp","10","282","3.546099","409"
"Sporobolomyces roseus","1","282","0.354610","410"
"Sporolactobacillus terrae","2","282","0.709220","411"
"Staphylococcaceae spp","8","282","2.836879","412"
"Staphylococcus arlettae","7","282","2.482270","413"
"Staphylococcus aureus","13","282","4.609929","414"
"Staphylococcus capitis","3","282","1.063830","415"
"Staphylococcus caprae","2","282","0.709220","416"
"Staphylococcus carnosus","29","282","10.283688","417"
"Staphylococcus chromogenes","2","282","0.709220","418"
"Staphylococcus cohnii","11","282","3.900709","419"
"Staphylococcus condimenti","7","282","2.482270","420"
"Staphylococcus delphini","2","282","0.709220","421"
"Staphylococcus devriesei","1","282","0.354610","422"
"Staphylococcus edaphicus","4","282","1.418440","423"
"Staphylococcus epidermidis","16","282","5.673759","424"
"Staphylococcus equorum","69","282","24.468085","425"
"Staphylococcus felis","1","282","0.354610","426"
"Staphylococcus gallinarum","7","282","2.482270","427"
"Staphylococcus haemolyticus","7","282","2.482270","428"
"Staphylococcus hominis","4","282","1.418440","429"
"Staphylococcus hyicus","2","282","0.709220","430"
"Staphylococcus intermedius","2","282","0.709220","431"
"Staphylococcus kloosii","4","282","1.418440","432"
"Mammaliicoccus lentus","4","282","1.418440","433"
"Staphylococcus lloydii","5","282","1.773050","434"
"Staphylococcus massiliensis","1","282","0.354610","435"
"Staphylococcus microti","1","282","0.354610","436"
"Staphylococcus nepalensis","1","282","0.354610","437"
"Staphylococcus pasteuri","15","282","5.319149","438"
"Staphylococcus petrasii","1","282","0.354610","439"
"Staphylococcus piscifermentans","2","282","0.709220","440"
"Staphylococcus pseudintermedius","5","282","1.773050","441"
"Staphylococcus pseudoxylosus","5","282","1.773050","442"
"Staphylococcus rostri","1","282","0.354610","443"
"Staphylococcus saccharolyticus","1","282","0.354610","444"
"Staphylococcus saprophyticus","54","282","19.148936","445"
"Staphylococcus simiae","1","282","0.354610","446"
"Staphylococcus simulans","6","282","2.127660","447"
"Staphylococcus succinus","39","282","13.829787","448"
"Staphylococcus warneri","9","282","3.191489","449"
"Staphylococcus xylosus","72","282","25.531915","450"
"Starmerella apicola","2","282","0.709220","451"
"Stemphylium vesicarium","1","282","0.354610","452"
"Stenotrophomonas maltophilia","1","282","0.354610","453"
"Stenotrophomonas spp","7","282","2.482270","454"
"Streptococcus infantis","1","282","0.354610","455"
"Streptococcus parauberis","6","282","2.127660","456"
"Streptococcus spp","27","282","9.574468","457"
"Streptomyces flavofungini","1","282","0.354610","458"
"Streptomyces lomondensis","1","282","0.354610","459"
"Streptophyta spp","1","282","0.354610","460"
"Staphylococcus spp","98","282","34.751773","461"
"Tausonia pullulans","6","282","2.127660","462"
"Tetragenococcus halophilus","14","282","4.964539","463"
"Tetragenococcus koreensis","3","282","1.063830","464"
"Tetragenococcus solitarius","1","282","0.354610","465"
"Tetragenococcus spp","18","282","6.382979","466"
"Tintelnotia opuntiae","1","282","0.354610","467"
"Torulaspora delbrueckii","1","282","0.354610","468"
"Torulaspora spp","1","282","0.354610","469"
"Trametes polyzona","1","282","0.354610","470"
"Trametes versicolor","1","282","0.354610","471"
"Trichoderma spp","3","282","1.063830","472"
"Trichomonascus allociferrii","1","282","0.354610","473"
"Trichomonascus spp","1","282","0.354610","474"
"Trichosporon otae","1","282","0.354610","475"
"Trichosporon spp","4","282","1.418440","476"
"Ustilago cynodontis","1","282","0.354610","477"
"Ustilago sparsa","1","282","0.354610","478"
"Vagococcus fessus","1","282","0.354610","479"
"Vagococcus spp","9","282","3.191489","480"
"Vibrio rumoiensis","2","282","0.709220","481"
"Vibrio spp","20","282","7.092199","482"
"Vishniacozyma carnescens","2","282","0.709220","483"
"Vishniacozyma tephrensis","1","282","0.354610","484"
"Vishniacozyma victoriae","5","282","1.773050","485"
"Wallemia ichthyophaga","2","282","0.709220","486"
"Wallemia muriae","1","282","0.354610","487"
"Wallemia sebi","2","282","0.709220","488"
"Wallemia spp","3","282","1.063830","489"
"Wallrothiella spp","1","282","0.354610","490"
"Weissella ceti","6","282","2.127660","491"
"Weissella cibaria","12","282","4.255319","492"
"Weissella confusa","2","282","0.709220","493"
"Weissella halotolerans","2","282","0.709220","494"
"Weissella hellenica","17","282","6.028369","495"
"Weissella jogaejeotgali","2","282","0.709220","496"
"Weissella minor","3","282","1.063830","497"
"Weissella paramesenteroides","10","282","3.546099","498"
"Weissella sagaensis","1","282","0.354610","499"
"Weissella spp","42","282","14.893617","500"
"Weissella thailandensis","4","282","1.418440","501"
"Weissella viridescens","9","282","3.191489","502"
"Wickerhamiella versatilis","1","282","0.354610","503"
"Wickerhamomyces anomalus","4","282","1.418440","504"
"Wickerhamomyces canadensis","2","282","0.709220","505"
"Wickerhamomyces ciferrii","2","282","0.709220","506"
"Wickerhamomyces mucosus","2","282","0.709220","507"
"Wickerhamomyces spp","6","282","2.127660","508"
"Wickerhamomyces subpelliculosus","2","282","0.709220","509"
"Xanthomonas spp","1","282","0.354610","510"
"Xerochrysium spp","3","282","1.063830","511"
"Xeromyces bisporus","1","282","0.354610","512"
"Yamadazyma atlantica","1","282","0.354610","513"
"Yamadazyma spp","9","282","3.191489","514"
"Yamadazyma triangularis","5","282","1.773050","515"
"Yaniella spp","1","282","0.354610","516"
"Yarrowia alimentaria","1","282","0.354610","517"
"Yarrowia deformans","6","282","2.127660","518"
"Yarrowia divulgata","4","282","1.418440","519"
"Yarrowia galli","1","282","0.354610","520"
"Yarrowia lipolytica","3","282","1.063830","521"
"Yarrowia spp","1","282","0.354610","522"
"Yersinia enterocolitica","1","282","0.354610","523"
"Yersinia spp","5","282","1.773050","524"
"Zygosaccharomyces rouxii","2","282","0.709220","525"
"Lactobacillus spp.","3","282","1.063830","526"
"Pediococcus spp.","3","282","1.063830","527"
"Weissella spp.","2","282","0.709220","528"
"Geotrichum candidum","1","282","0.354610","529"
"Aspergillus campestris","1","282","0.354610","530"
"Aspergillus glabripes","1","282","0.354610","531"
"Aspergillus salinicola","1","282","0.354610","532"
"Aspergillus subversicolor","1","282","0.354610","533"
"Macrococcus caseolyticus","24","282","8.510638","534"
"Lactococcus lactis subsp. lactis","7","282","2.482270","535"
"Micrococcaceae spp","8","282","2.836879","536"
"Enterococcaceae spp","6","282","2.127660","537"
"Mammaliicoccus sciuri","29","282","10.283688","538"
"Candida sake","5","282","1.773050","539"
"Candida austromarina","1","282","0.354610","540"
"Kocuria kristinae","1","282","0.354610","541"
"Enterobacter amnigenus","1","282","0.354610","542"
"Enterobacter gergoviae","1","282","0.354610","543"
"Salmonella choleraesuis","1","282","0.354610","544"
"Salmonella arizonae","1","282","0.354610","545"
"Lactobacillus spp","73","282","25.886525","546"
"Weissella ghanensis","1","282","0.354610","547"
"Escherichia-Shigella spp","4","282","1.418440","548"
"Acidothermus spp","8","282","2.836879","549"
"Nesterenkonia spp","4","282","1.418440","550"
"Bacillus spp","36","282","12.765957","551"
"Streptomyces spp","3","282","1.063830","552"
"Phialosimplex spp","3","282","1.063830","553"
"Russula spp","3","282","1.063830","554"
"Hygrocybe spp","3","282","1.063830","555"
"Enterocarpus spp","3","282","1.063830","556"
"Eurotium rubrum","2","282","0.709220","557"
"Lactococcus piscium","7","282","2.482270","558"
"Escherichia","3","282","1.063830","559"
"Erwinia spp","1","282","0.354610","560"
"Lactobacillaceae spp","9","282","3.191489","561"
"Lactobacillus acidipiscis","2","282","0.709220","562"
"Lactobacillus farciminis","4","282","1.418440","563"
"Lactobacillus namurensis","1","282","0.354610","564"
"Lactobacillus coryniformis","5","282","1.773050","565"
"Lactobacillus paucivorans","2","282","0.709220","566"
"Pseudomonas koreensis","2","282","0.709220","567"
"Pseudomonas lundensis","2","282","0.709220","568"
"Leuconostocaceae spp","6","282","2.127660","569"
"Candida psychrophila","3","282","1.063830","570"
"Saccharomyces barnettii","1","282","0.354610","571"
"Moraxellaceae spp","7","282","2.482270","572"
"Halomonadaceae spp","6","282","2.127660","573"
"Vibrionaceae spp","1","282","0.354610","574"
"Pseudomonadaceae spp","4","282","1.418440","575"
"Propionibacterium spp","2","282","0.709220","576"
"Galactomyces spp","2","282","0.709220","577"
"Emericella spp","1","282","0.354610","578"
"Enterococcus sanguinicola","1","282","0.354610","579"
"Lactobacillaceae","1","282","0.354610","580"
"Staphylococcaceae","1","282","0.354610","581"
"Moraxellaceae","1","282","0.354610","582"
"Bacillaceae spp","2","282","0.709220","583"
"Pediococcus lolii","1","282","0.354610","584"
"Azospirillum irakense","1","282","0.354610","585"
"Staphylococcus fleurettii","2","282","0.709220","586"
"Bacillus idriensis","1","282","0.354610","587"
"Bacillus oceanisediminis","1","282","0.354610","588"
"Pleomorphobacterium xiamenense","1","282","0.354610","589"
"Herbaspirillum spp","2","282","0.709220","590"
"Mucilaginibacter spp","1","282","0.354610","591"
"Salinicoccus spp","2","282","0.709220","592"
"Garicola spp","1","282","0.354610","593"
"Ochrobactrum spp","1","282","0.354610","594"
"Caulobacter spp","1","282","0.354610","595"
"Izhakiella spp","1","282","0.354610","596"
"Kosakonia spp","1","282","0.354610","597"
"Edaphobacter spp","1","282","0.354610","598"
"Occallatibacter spp","1","282","0.354610","599"
"Gemmata spp","1","282","0.354610","600"
"Mycosphaerella tassiana","4","282","1.418440","601"
"Calophoma sandfjordenica","3","282","1.063830","602"
"Pseudomonas bubulae","1","282","0.354610","603"
"Brevibacillus invocatus","1","282","0.354610","604"
"Weissella helenica","1","282","0.354610","605"
"Pluralibacter spp","1","282","0.354610","606"
"Halorubrum spp","2","282","0.709220","607"
"Penicillium hirsutum","1","282","0.354610","608"
"Latilactobacillus sakei subsp. sakei","1","282","0.354610","609"
"Methylobacterium spp","3","282","1.063830","610"
"Sphingomonadaceae spp","2","282","0.709220","611"
"Actinosynnemataceae sensu stricto","1","282","0.354610","612"
"Cryptococcus magnus","1","282","0.354610","613"
"Lactobacillus paralimentarius","2","282","0.709220","614"
"Lactobacillus mindensis","1","282","0.354610","615"
"Lactobacillus casei subsp. tolerans","1","282","0.354610","616"
"Lactobacillus casei subsp. rhamnosus","1","282","0.354610","617"
"Staphylococcus saprofiticus","1","282","0.354610","618"
"Staphylococcus spp.","3","282","1.063830","619"
"Enterococcus spp.","3","282","1.063830","620"
"Acinetobacter spp.","2","282","0.709220","621"
"Lactococcus spp.","2","282","0.709220","622"
"Aeromonas spp.","1","282","0.354610","623"
"Pseudomonas spp.","1","282","0.354610","624"
"Photobacterium spp.","1","282","0.354610","625"
"Brochothrix spp.","1","282","0.354610","626"
"Streptococcus spp.","1","282","0.354610","627"
"Psychrobacter spp.","1","282","0.354610","628"
"Enterobacteriaceae","4","282","1.418440","629"
"Lactobacillus sakei subsp. sakei","1","282","0.354610","630"
"Salinibacter spp","1","282","0.354610","631"
"Sphingomona ginsenosidimutans","1","282","0.354610","632"
"Penicillium candidadum","1","282","0.354610","633"
"Pediococcus acidilacti","2","282","0.709220","634"
"Lentibacillus spp","4","282","1.418440","635"
"Solitalea spp","2","282","0.709220","636"
"unidentified Rhizobiaceae","1","282","0.354610","637"
"Eremascus spp","2","282","0.709220","638"
"Latilactobacillus sakei group","13","282","4.609929","639"
"Lacticaseibacillus casei group","1","282","0.354610","640"
"Ignatzschineria spp","2","282","0.709220","641"
"Geotrichum spp","3","282","1.063830","642"
"Kazachstania servazzi","1","282","0.354610","643"
"Chryseobacterium anthropi","1","282","0.354610","644"
"Kluyvera cryocrescens","1","282","0.354610","645"
"Carnobacterium sp. NFU35-25","1","282","0.354610","646"
"Corynebacterium casei","1","282","0.354610","647"
"Marinilactibacillus psychrotolerans","1","282","0.354610","648"
"Nitratireductor aquibiodomus","1","282","0.354610","649"
"Acinetobacter sp MJMG72","1","282","0.354610","650"
"Lysobacter spp","1","282","0.354610","651"
"Lactobacillus reuteri","2","282","0.709220","652"
"Bacteroides coprosuis","1","282","0.354610","653"
"Stenotrophomonas panacihumi","1","282","0.354610","654"
"Peptoniphilus stercorisuis","1","282","0.354610","655"
"Brevundimonas nasdae","1","282","0.354610","656"
"Bacillus clausii","1","282","0.354610","657"
"Fusobacterium sp Marseille-P3599","1","282","0.354610","658"
"Lactobacillus ginsenosidimutans","1","282","0.354610","659"
"Wickerhamyces spp","1","282","0.354610","660"
"Sarocladium spp","2","282","0.709220","661"
"Sphingobium spp","1","282","0.354610","662"
"Hydrogenophaga spp","1","282","0.354610","663"
"Mycoplasma spp","1","282","0.354610","664"
"Nakaseomyces spp","1","282","0.354610","665"
"Colwellia spp","1","282","0.354610","666"
"Capronia spp","1","282","0.354610","667"
"Fretibacterium spp","1","282","0.354610","668"
"Sinorhizobium spp","1","282","0.354610","669"
"Thomasclavelia spp","1","282","0.354610","670"
"Sarocladiaceae spp","1","282","0.354610","671"
"Phyllobacteriaceae spp","2","282","0.709220","672"
"Brevibacteriaceae spp","2","282","0.709220","673"
"Latilactobacillus formosensis","1","282","0.354610","674"
"Macrococcus caseolyticum","1","282","0.354610","675"
"Macrococcoides spp","1","282","0.354610","676"
"Peptostreptococcus russelli","1","282","0.354610","677"
"Aeromonadaceae spp","2","282","0.709220","678"
"Caulobacteraceae spp","3","282","1.063830","679"
"Listeriaceae spp","1","282","0.354610","680"
"Propionibacterium acnes","3","282","1.063830","681"
"Salinisphaera spp","1","282","0.354610","682"
"Schleiferilactobacillus spp","1","282","0.354610","683"
"Debaryomyces suglobosus","1","282","0.354610","684"
"Metschnikowiaceae spp","1","282","0.354610","685"
"Candida alimentaria","2","282","0.709220","686"
"Kazachstania humilis","1","282","0.354610","687"
"Pichia occidentalis","1","282","0.354610","688"
"Itersonilia pannonicus","1","282","0.354610","689"
"Resinicium spp","1","282","0.354610","690"
"Glomus spp","1","282","0.354610","691"
"Botrytis spp","3","282","1.063830","692"
"Staphylococcus caseolyticus","1","282","0.354610","693"
"Staphylococcus auricularis","1","282","0.354610","694"
"Lactobacillus oris","1","282","0.354610","695"
"Lactobacillus vaginalis","1","282","0.354610","696"
"Lactobacillus acidophilus","1","282","0.354610","697"
"Lactobacillus antri","1","282","0.354610","698"
"Lactobacillus frumenti","1","282","0.354610","699"
"Lactobacillus panis","1","282","0.354610","700"
"Lactobacillus fabifermentans","1","282","0.354610","701"
"Lactobacillus koreensis","1","282","0.354610","702"
"Lactobacillus nantensis","1","282","0.354610","703"
"Lactobacillus pontis","1","282","0.354610","704"
"Lactobacillus secaliphilus","1","282","0.354610","705"
"Lactobacillus senmaizukei","1","282","0.354610","706"
"Lactobacillus spicheri","1","282","0.354610","707"
"Lactobacillus ultunensis","1","282","0.354610","708"
"Rhodospirillum spp","1","282","0.354610","709"
"Micrococcaceae","1","282","0.354610","710"
"Comamonadaceae","1","282","0.354610","711"
"Corynebacteriaceae","1","282","0.354610","712"
"Brevibacteriaceae","1","282","0.354610","713"
"Clostridiaceae spp","1","282","0.354610","714"
"Methylobacteriaceae spp","3","282","1.063830","715"
"Campylobacteraceae spp","1","282","0.354610","716"
"Microbacteriaceae spp","2","282","0.709220","717"
"Pseudonocardiaceae spp","1","282","0.354610","718"
"Fusobacteriaceae spp","1","282","0.354610","719"
"Dermabacteraceae spp","1","282","0.354610","720"
"Aerococcaceae spp","1","282","0.354610","721"
"Lachnospiraceae spp","4","282","1.418440","722"
"Weeksellaceae spp","2","282","0.709220","723"
"Veillonellaceae spp","1","282","0.354610","724"
"Neisseriaceae spp","1","282","0.354610","725"
"Pasteurellaceae spp","2","282","0.709220","726"
"Christensenellaceae spp","2","282","0.709220","727"
"Tissierellaceae spp","1","282","0.354610","728"
"Xanthomonadaceae spp","2","282","0.709220","729"
"Thermaceae spp","1","282","0.354610","730"
"Pelomonas spp","1","282","0.354610","731"
"Arcobacter spp","1","282","0.354610","732"
"Cryocola spp","1","282","0.354610","733"
"Saccharopolyspora spp","1","282","0.354610","734"
"Fusobacterium spp","3","282","1.063830","735"
"Aerococcus spp","1","282","0.354610","736"
"Coprococcus spp","1","282","0.354610","737"
"Veillonella spp","2","282","0.709220","738"
"Neisseria spp","1","282","0.354610","739"
"Haemophilus spp","1","282","0.354610","740"
"Anaerococcus spp","1","282","0.354610","741"
"Pseudoxanthomonas spp","2","282","0.709220","742"
"Thermus spp","1","282","0.354610","743"
"Starter non identificato","1","282","0.354610","744"
"Candida galli","2","282","0.709220","745"
"Rhizopus oryzae","1","282","0.354610","746"
"Lachnospiraceae","1","282","0.354610","747"
"Methylobacteriaceae","1","282","0.354610","748"
"Massilia spp","1","282","0.354610","749"
"Acidovorax spp","1","282","0.354610","750"
"Cohnella spp","1","282","0.354610","751"
"Methylophilus spp","1","282","0.354610","752"
"Aquabacterium spp","1","282","0.354610","753"
"Oceanisphaera spp","1","282","0.354610","754"
"Starmerella spp","1","282","0.354610","755"
"Hanseniaspora spp","1","282","0.354610","756"
"Tetragonococcus spp","2","282","0.709220","757"
"Lachnospiraceae NK4A136 group","1","282","0.354610","758"
"Odoribacter spp","1","282","0.354610","759"
"Alistipes spp","1","282","0.354610","760"
"Akkermansia spp","1","282","0.354610","761"
"Eubacterium xylanophilum group","1","282","0.354610","762"
"Blautia spp","1","282","0.354610","763"
"Wickerhamiella spp","1","282","0.354610","764"
"Lactobacillus porcinae","1","282","0.354610","765"
"Azomonas spp","1","282","0.354610","766"
"Streptococcaceae spp","5","282","1.773050","767"
"Lactobacillus hordei","2","282","0.709220","768"
"Lactobacillus bifermentans","2","282","0.709220","769"
"Lactobacillus saerimneri","2","282","0.709220","770"
"Lactobacillus collinoides","2","282","0.709220","771"
"Lactobacillus suebicus","2","282","0.709220","772"
"Staphylococcus sp. HMSC061F10","2","282","0.709220","773"
"Candidatus Stoquefichus sp. SB1","2","282","0.709220","774"
"Oenococcus spp","2","282","0.709220","775"
"Sporolactobacillus spp","2","282","0.709220","776"
"Mycobacterium abscessus","2","282","0.709220","777"
"Sporolactobacillaceae spp","2","282","0.709220","778"
"Debaryomycetaceae spp","3","282","1.063830","779"
"Bifidobacterium spp","1","282","0.354610","780"
"Clostridiales spp","1","282","0.354610","781"
"Pseudoclavibacter spp","3","282","1.063830","782"
"Synechococcus spp","3","282","1.063830","783"
"Chromobacterium spp","3","282","1.063830","784"
"Alicycliphilus spp","3","282","1.063830","785"
"Croceicoccus spp","3","282","1.063830","786"
"Nitrospira spp","3","282","1.063830","787"
"Microcystis spp","3","282","1.063830","788"
"Variovorax spp","3","282","1.063830","789"
"Finegoldia spp","3","282","1.063830","790"
"Elizabethkingia spp","3","282","1.063830","791"
"Rikenellaceae RC9 gut group","1","282","0.354610","792"
"Clostridium sensu stricto 1","1","282","0.354610","793"
"Ruminococcaceae UCG-005","1","282","0.354610","794"
"Ruminococcaceae UCG-010","1","282","0.354610","795"
"Rahnella spp","1","282","0.354610","796"
"Lachnospiraceae AC2044 group","1","282","0.354610","797"
"Hafnia-Obesumbacterium spp","1","282","0.354610","798"
"Succinivibrionaceae spp","1","282","0.354610","799"
"Penicillium chermisinum","1","282","0.354610","800"
"Halomonas jeotgali","1","282","0.354610","801"
"Bartonellaceae spp","1","282","0.354610","802"
"Planococcaceae spp","2","282","0.709220","803"
"Agrobacterium spp","1","282","0.354610","804"
"Staphylococcus sanguinis","1","282","0.354610","805"
"Vitreoscilla spp","1","282","0.354610","806"
"Sphingobacterium spp","1","282","0.354610","807"
"Paraclostridium spp","1","282","0.354610","808"
"Novosphingobium spp","1","282","0.354610","809"
"Anaerospora spp","1","282","0.354610","810"
"Ketogulonicigenium spp","1","282","0.354610","811"
"Luteolibacter spp","1","282","0.354610","812"
"Kushneria spp","2","282","0.709220","813"
"Psychrilyobacter spp","1","282","0.354610","814"
"Deinococcus spp","1","282","0.354610","815"
"Janthinobacterium spp","1","282","0.354610","816"
"Flectobacillus spp","1","282","0.354610","817"
"Methylobacterium-Methylorubrum spp","1","282","0.354610","818"
"Allorhizobium-Neorhizobium-Pararhizobium-Rhizobium spp","1","282","0.354610","819"
"Halapricum spp","1","282","0.354610","820"
"Halomicroarcula spp","1","282","0.354610","821"
"Natronomonas spp","1","282","0.354610","822"
"Haloplanus spp","1","282","0.354610","823"
"Halobellus spp","1","282","0.354610","824"
"Penicillium camemberti","1","282","0.354610","825"
"Salinicoccus carnicancri","1","282","0.354610","826"
"Staphylococcus sp_693-2","1","282","0.354610","827"
"Clostridium sp_FS41","1","282","0.354610","828"
"Segetibacter koreensis","1","282","0.354610","829"
"Staphylococcus sp_ZWU0021","1","282","0.354610","830"
"Staphylococcus sp_NAM3COL9","1","282","0.354610","831"
"Staphylococcus sp_OJ82","1","282","0.354610","832"
"Actinoplanes spp","1","282","0.354610","833"
"Planococcus spp","1","282","0.354610","834"
"Thermogemmatispora spp","1","282","0.354610","835"
"Jeotgalicoccus spp","1","282","0.354610","836"
"Virgibacillus spp","2","282","0.709220","837"
"Pontibacillus spp","1","282","0.354610","838"
"Halobacteroides spp","1","282","0.354610","839"
"Acetohalobium spp","1","282","0.354610","840"
"Dactylellina spp","1","282","0.354610","841"
"Magnusiomyces spp","1","282","0.354610","842"
"Babjeviella spp","1","282","0.354610","843"
"Kluyveromyces spp","1","282","0.354610","844"
"Barnettozyma spp","1","282","0.354610","845"
"Spathaspora spp","1","282","0.354610","846"
"Scheffersomyces spp","2","282","0.709220","847"
"Parasitella spp","1","282","0.354610","848"
"Lichtheimia spp","1","282","0.354610","849"
"Candida blackwelliae","1","282","0.354610","850"
"Debaryomyces robertsiae","1","282","0.354610","851"
"Spathaspora passalidarum","1","282","0.354610","852"
"Penicillium italicum","1","282","0.354610","853"
"Aspergillus calidoustus","1","282","0.354610","854"
"Millerozyma acaciae","1","282","0.354610","855"
"Mucor ambiguus","1","282","0.354610","856"
"Scheffersomyces stipitis","1","282","0.354610","857"
"Rhizopus delemar","1","282","0.354610","858"
"Lichtheimia hongkongensis","1","282","0.354610","859"
"Millerozyma farinosa","2","282","0.709220","860"
"Mucor circinelloides","1","282","0.354610","861"
"Debaryomyces fabryi","1","282","0.354610","862"
"Schwanniomyces etchellsii","1","282","0.354610","863"
"Lachancea kluyveri","1","282","0.354610","864"
"Clavispora lusitaniae","1","282","0.354610","865"
"Lactococcus sp. DD014","1","282","0.354610","866"
"Macrococcus canis","1","282","0.354610","867"
"Acinetobacter baylyi","1","282","0.354610","868"
"Hafnia spp","1","282","0.354610","869"
"Candida inconspicua","2","282","0.709220","870"
"Blumeria spp","1","282","0.354610","871"
"Moniliella spp","1","282","0.354610","872"
"Lentinula spp","1","282","0.354610","873"
"Schizopora spp","1","282","0.354610","874"
"Sterigmatomyces spp","1","282","0.354610","875"
"Vishniacozyma spp","2","282","0.709220","876"
"Hortaea spp","1","282","0.354610","877"
"Xylodon spp","1","282","0.354610","878"
"Ramularia spp","1","282","0.354610","879"
"Paramyrothecium spp","1","282","0.354610","880"
"Bjerkandera spp","1","282","0.354610","881"
"Exobasidium spp","1","282","0.354610","882"
"Phanerochaete spp","1","282","0.354610","883"
"Xanthophyllomyces spp","1","282","0.354610","884"
"Peniophora spp","1","282","0.354610","885"
"Phaeosphaeriopsis spp","1","282","0.354610","886"
"Cystobasidium spp","1","282","0.354610","887"
"Dioszegia spp","1","282","0.354610","888"
"Golubevia spp","1","282","0.354610","889"
"Phoma spp","1","282","0.354610","890"
"Cadophora spp","1","282","0.354610","891"
"Nigrospora spp","1","282","0.354610","892"
"Eutypella spp","1","282","0.354610","893"
"Engyodontium spp","1","282","0.354610","894"
"Scopuloides spp","1","282","0.354610","895"
"Perenniporia spp","1","282","0.354610","896"
"Lophiostoma spp","1","282","0.354610","897"
"Filobasidium spp","1","282","0.354610","898"
"Diversispora spp","1","282","0.354610","899"
"Microsphaera spp","1","282","0.354610","900"
"Skeletocutis spp","1","282","0.354610","901"
"Crepidotus spp","1","282","0.354610","902"
"Bipolaris spp","1","282","0.354610","903"
"Phaeomoniella spp","1","282","0.354610","904"
"Sympodiomycopsis spp","1","282","0.354610","905"
"Meira spp","1","282","0.354610","906"
"Thermomyces spp","1","282","0.354610","907"
"Trametes spp","1","282","0.354610","908"
"Monographella spp","1","282","0.354610","909"
"Aspergillaceae spp","1","282","0.354610","910"
"Glomeraceae spp","1","282","0.354610","911"
"Candida santamariae var. membranifaciens","1","282","0.354610","912"
"Yamadazyma tenuis","2","282","0.709220","913"
"Actinomycetaceae spp","1","282","0.354610","914"
"Erysipelotrichaceae spp","2","282","0.709220","915"
"Glomerellaceae spp","1","282","0.354610","916"
"Botryosphaeriaceae spp","1","282","0.354610","917"
"Stemphylium spp","2","282","0.709220","918"
"Kazachstania barnettii","2","282","0.709220","919"
"Pleosporaceae spp","1","282","0.354610","920"
"Bulleribasidiaceae spp","1","282","0.354610","921"
"Rikenellaceae spp","1","282","0.354610","922"
"Ruminococcaceae spp","2","282","0.709220","923"
"Lactobacillus sake","3","282","1.063830","924"
"Lactobacillus divergens","2","282","0.709220","925"
"Lactobacillus carnis","3","282","1.063830","926"
"Lactobacillus sanfrancisco","2","282","0.709220","927"
"Pichia anomala","2","282","0.709220","928"
"Pediococcus pentosaceous","3","282","1.063830","929"
"Bacillus lentus","1","282","0.354610","930"
"Debaryomyces pseudopolymorphus","1","282","0.354610","931"
"Debaryomyces polymorphus","2","282","0.709220","932"
"Candida famata","1","282","0.354610","933"
"Pichia burtonii","1","282","0.354610","934"
"Lactobacillus casei ssp. casei","1","282","0.354610","935"
"Pseudomonas alcaliphila","2","282","0.709220","936"
"Pseudomonas composti","1","282","0.354610","937"
"Weeksellaceae","1","282","0.354610","938"
"Bacillus muralis","1","282","0.354610","939"
"Pichia guillermondii","1","282","0.354610","940"
"Haloimpatiens lingqiaonensis","1","282","0.354610","941"
"Halomonas subglaciescola","1","282","0.354610","942"
"Moraxella osloensis","1","282","0.354610","943"
"Salimicrobium spp","1","282","0.354610","944"
"Aspergillus salinarum","1","282","0.354610","945"
"Starmerella cellae","1","282","0.354610","946"
"Blumeria graminis","1","282","0.354610","947"
"Alternaria thalictrigena","1","282","0.354610","948"
"Pleurotus ostreatus","1","282","0.354610","949"
"Schizophyllum spp","1","282","0.354610","950"
"Eupenidiella spp","1","282","0.354610","951"
"Cystofilobasidium spp","1","282","0.354610","952"
"Coxiella spp","1","282","0.354610","953"
"Cercospora spp","1","282","0.354610","954"
"Alkalibacterium spp","5","282","1.773050","955"
"Bradyrhizobiaceae spp","1","282","0.354610","956"
"Chitinophagaceae spp","1","282","0.354610","957"
"Comamonadaceae spp","1","282","0.354610","958"
"Cytophagaceae spp","1","282","0.354610","959"
"Gemmatimonadaceae spp","1","282","0.354610","960"
"Hyphomicrobiaceae spp","1","282","0.354610","961"
"Mycobacteriaceae spp","1","282","0.354610","962"
"Rhizobiaceae spp","1","282","0.354610","963"
"Simkaniaceae spp","1","282","0.354610","964"
"Sphingobacteriaceae spp","1","282","0.354610","965"
"Acetobacteraceae spp","1","282","0.354610","966"
"Acidobacteriaceae spp","1","282","0.354610","967"
"Acidothermaceae spp","1","282","0.354610","968"
"Alteromonadaceae spp","1","282","0.354610","969"
"Halanaerobiaceae spp","1","282","0.354610","970"
"Methylococcaceae spp","1","282","0.354610","971"
"Nocardiaceae spp","1","282","0.354610","972"
"Pseudoalteromonadaceae spp","1","282","0.354610","973"
"Solibacteraceae spp","1","282","0.354610","974"
"Streptosporangiaceae spp","1","282","0.354610","975"
"Thermomonosporaceae spp","1","282","0.354610","976"
"Xanthobacteraceae spp","1","282","0.354610","977"
"Desulfovibrionaceae spp","1","282","0.354610","978"
"Corynebacteriaceae spp","1","282","0.354610","979"
"Mycoplasmataceae spp","1","282","0.354610","980"
"Streptococcus iniae","5","282","1.773050","981"
"Psychrobacter alimentarius","5","282","1.773050","982"
"Vibrio zhugei","5","282","1.773050","983"
