"analysis","factor_or_fraction","analysis_units","df","R2","adjusted_R2","F_statistic","p_value","testable","source_file","source_sheet","source_row","source_cells","source_sha256","notes"
"Univariate PERMANOVA","Continent","278","3","0.03352506339644497","","3.168168851816429","0.001","","Table_S3_PERMANOVA_ANOSIM_varpart.xlsx","Table_S3","5","A5:G5","A9E328C8E135E22CC4A9489E7FF23DC7E02869E660307F63362BB2776A848F3A","Each factor fitted alone; binary Jaccard; 999 permutations; n from shared filter in TableS3_rigenera_n243.R."
"Univariate PERMANOVA","Product category","278","4","0.04496198219240589","","3.213123694987738","0.001","","Table_S3_PERMANOVA_ANOSIM_varpart.xlsx","Table_S3","6","A6:G6","A9E328C8E135E22CC4A9489E7FF23DC7E02869E660307F63362BB2776A848F3A","Each factor fitted alone; binary Jaccard; 999 permutations; n from shared filter in TableS3_rigenera_n243.R."
"Univariate PERMANOVA","Analytical technique","278","2","0.04228082668956695","","6.070269690560997","0.001","","Table_S3_PERMANOVA_ANOSIM_varpart.xlsx","Table_S3","7","A7:G7","A9E328C8E135E22CC4A9489E7FF23DC7E02869E660307F63362BB2776A848F3A","Each factor fitted alone; binary Jaccard; 999 permutations; n from shared filter in TableS3_rigenera_n243.R."
"PERMDISP","Continent","278","","","","6.3549","0.001","","Table_S3_PERMANOVA_ANOSIM_varpart.xlsx","Table_S3","29","A29:C29","A9E328C8E135E22CC4A9489E7FF23DC7E02869E660307F63362BB2776A848F3A","Heterogeneous dispersion; binary Jaccard; 999 permutations; n from shared filter in TableS3_rigenera_n243.R."
"PERMDISP","Product category","278","","","","7.5336","0.001","","Table_S3_PERMANOVA_ANOSIM_varpart.xlsx","Table_S3","30","A30:C30","A9E328C8E135E22CC4A9489E7FF23DC7E02869E660307F63362BB2776A848F3A","Heterogeneous dispersion; binary Jaccard; 999 permutations; n from shared filter in TableS3_rigenera_n243.R."
"PERMDISP","Analytical technique","278","","","","4.4406","0.016","","Table_S3_PERMANOVA_ANOSIM_varpart.xlsx","Table_S3","31","A31:C31","A9E328C8E135E22CC4A9489E7FF23DC7E02869E660307F63362BB2776A848F3A","Heterogeneous dispersion; binary Jaccard; 999 permutations; n from shared filter in TableS3_rigenera_n243.R."
"M1 variation partitioning","Unique continent","278","3",,"0.01320207669486628","","","1","Table_S3_PERMANOVA_ANOSIM_varpart.xlsx","Table_S3","35","A35:E35","A9E328C8E135E22CC4A9489E7FF23DC7E02869E660307F63362BB2776A848F3A","Adjusted fractions; shared terms retained in source order without assigning undocumented labels; raw R.square cells blank in source."
"M1 variation partitioning","Unique product category","278","4",,"0.02427002536448319","","","1","Table_S3_PERMANOVA_ANOSIM_varpart.xlsx","Table_S3","36","A36:E36","A9E328C8E135E22CC4A9489E7FF23DC7E02869E660307F63362BB2776A848F3A","Adjusted fractions; shared terms retained in source order without assigning undocumented labels; raw R.square cells blank in source."
"M1 variation partitioning","Unique analytical technique","278","2",,"0.03058851948442243","","","1","Table_S3_PERMANOVA_ANOSIM_varpart.xlsx","Table_S3","37","A37:E37","A9E328C8E135E22CC4A9489E7FF23DC7E02869E660307F63362BB2776A848F3A","Adjusted fractions; shared terms retained in source order without assigning undocumented labels; raw R.square cells blank in source."
"M1 variation partitioning","Shared fraction 1 (source order)","278","0",,"0.005256651100289389","","","0","Table_S3_PERMANOVA_ANOSIM_varpart.xlsx","Table_S3","38","A38:E38","A9E328C8E135E22CC4A9489E7FF23DC7E02869E660307F63362BB2776A848F3A","Adjusted fractions; shared terms retained in source order without assigning undocumented labels; raw R.square cells blank in source."
"M1 variation partitioning","Shared fraction 2 (source order)","278","0",,"0.0002425836240781409","","","0","Table_S3_PERMANOVA_ANOSIM_varpart.xlsx","Table_S3","39","A39:E39","A9E328C8E135E22CC4A9489E7FF23DC7E02869E660307F63362BB2776A848F3A","Adjusted fractions; shared terms retained in source order without assigning undocumented labels; raw R.square cells blank in source."
"M1 variation partitioning","Shared fraction 3 (source order)","278","0",,"0.003285002156310557","","","0","Table_S3_PERMANOVA_ANOSIM_varpart.xlsx","Table_S3","40","A40:E40","A9E328C8E135E22CC4A9489E7FF23DC7E02869E660307F63362BB2776A848F3A","Adjusted fractions; shared terms retained in source order without assigning undocumented labels; raw R.square cells blank in source."
"M1 variation partitioning","Shared fraction 4 (source order)","278","0",,"0.001199491073407222","","","0","Table_S3_PERMANOVA_ANOSIM_varpart.xlsx","Table_S3","41","A41:E41","A9E328C8E135E22CC4A9489E7FF23DC7E02869E660307F63362BB2776A848F3A","Adjusted fractions; shared terms retained in source order without assigning undocumented labels; raw R.square cells blank in source."
"M1 variation partitioning","Residual","278",,,"0.9219556505021428","","","0","Table_S3_PERMANOVA_ANOSIM_varpart.xlsx","Table_S3","42","A42:E42","A9E328C8E135E22CC4A9489E7FF23DC7E02869E660307F63362BB2776A848F3A","Adjusted fractions; shared terms retained in source order without assigning undocumented labels; raw R.square cells blank in source."
"M1 partial dbRDA","Continent | Prod+Tech","278","","","","2.2935","0.001","","Table_S3_PERMANOVA_ANOSIM_varpart.xlsx","Table_S3","58","A58:C58","A9E328C8E135E22CC4A9489E7FF23DC7E02869E660307F63362BB2776A848F3A","Marginal test conditioned on the other two factors; values transcribed, not recomputed."
"M1 partial dbRDA","Product | Cont+Tech","278","","","","2.7901","0.001","","Table_S3_PERMANOVA_ANOSIM_varpart.xlsx","Table_S3","59","A59:C59","A9E328C8E135E22CC4A9489E7FF23DC7E02869E660307F63362BB2776A848F3A","Marginal test conditioned on the other two factors; values transcribed, not recomputed."
"M1 partial dbRDA","Technique | Cont+Prod","278","","","","5.479","0.001","","Table_S3_PERMANOVA_ANOSIM_varpart.xlsx","Table_S3","60","A60:C60","A9E328C8E135E22CC4A9489E7FF23DC7E02869E660307F63362BB2776A848F3A","Marginal test conditioned on the other two factors; values transcribed, not recomputed."
