Sample_name,BioProject,Product,Ripening,Geo,Host_genome,PGI_area
C03_1,PRJNA997800,cecina,7m,Spain: León,Bos taurus ARS-UCD1.2,
C03_2,PRJNA997800,cecina,7m,Spain: León,Bos taurus ARS-UCD1.2,
C06_1,PRJNA997800,cecina,9m,Spain: León,Bos taurus ARS-UCD1.2,
C06_2,PRJNA997800,cecina,9m,Spain: León,Bos taurus ARS-UCD1.2,
C01_1,PRJNA997800,cecina,~12m,Spain: León,Bos taurus ARS-UCD1.2,
C01_2,PRJNA997800,cecina,~12m,Spain: León,Bos taurus ARS-UCD1.2,
C02_1,PRJNA997800,cecina,~9m,Spain: León,Bos taurus ARS-UCD1.2,
C02_2,PRJNA997800,cecina,~9m,Spain: León,Bos taurus ARS-UCD1.2,
C04_1,PRJNA997800,cecina,~9m,Spain: León,Bos taurus ARS-UCD1.2,
C04_2,PRJNA997800,cecina,~9m,Spain: León,Bos taurus ARS-UCD1.2,
C05_1,PRJNA997800,cured tongue,1m,Spain: León,Bos taurus ARS-UCD1.2,
C05_2,PRJNA997800,cured tongue,1m,Spain: León,Bos taurus ARS-UCD1.2,
C07_1,PRJNA997800,dry-aged beef,2m,Spain: León,Bos taurus ARS-UCD1.2,
C07_2,PRJNA997800,dry-aged beef,2m,Spain: León,Bos taurus ARS-UCD1.2,
C08_1,PRJNA997800,dry-aged beef,>3m,Spain: León,Bos taurus ARS-UCD1.2,
C08_2,PRJNA997800,dry-aged beef,>3m,Spain: León,Bos taurus ARS-UCD1.2,
F01_1,PRJNA997800,DFS chorizo,45d,Spain: León,Sus scrofa Sscrofa11.1,
F01_2,PRJNA997800,DFS chorizo,45d,Spain: León,Sus scrofa Sscrofa11.1,
F02_1,PRJNA997800,DFS chorizo,35d,Spain: León,Sus scrofa Sscrofa11.1,
F02_2,PRJNA997800,DFS chorizo,35d,Spain: León,Sus scrofa Sscrofa11.1,
F03_1,PRJNA997800,DFS chorizo,>1m,Spain: León,Sus scrofa Sscrofa11.1,
F03_2,PRJNA997800,DFS chorizo,>1m,Spain: León,Sus scrofa Sscrofa11.1,
F04_1,PRJNA997800,DFS chorizo,25d,Spain: León,Sus scrofa Sscrofa11.1,
F04_2,PRJNA997800,DFS chorizo,25d,Spain: León,Sus scrofa Sscrofa11.1,
F05_1,PRJNA997800,DFS salchichon,45d,Spain: León,Sus scrofa Sscrofa11.1,
F05_2,PRJNA997800,DFS salchichon,45d,Spain: León,Sus scrofa Sscrofa11.1,
F06_1,PRJNA997800,DFS chorizo,1m,Spain: León,Sus scrofa Sscrofa11.1,
F06_2,PRJNA997800,DFS chorizo,1m,Spain: León,Sus scrofa Sscrofa11.1,
F07_1,PRJNA997800,DFS salchichon,>1m,Spain: León,Sus scrofa Sscrofa11.1,
F07_2,PRJNA997800,DFS salchichon,>1m,Spain: León,Sus scrofa Sscrofa11.1,
C0_1_MSO,PRJNA1337460,Miao-style sour meat (suan rou),0d,China:Hu Nan,Sus scrofa Sscrofa11.1 + Oryza sativa IRGSP-1.0 (rice),
C0_2_MSO,PRJNA1337460,Miao-style sour meat (suan rou),0d,China:Hu Nan,Sus scrofa Sscrofa11.1 + Oryza sativa IRGSP-1.0 (rice),
C0_3_MSO,PRJNA1337460,Miao-style sour meat (suan rou),0d,China:Hu Nan,Sus scrofa Sscrofa11.1 + Oryza sativa IRGSP-1.0 (rice),
C15_1_MSO,PRJNA1337460,Miao-style sour meat (suan rou),15d,China:Hu Nan,Sus scrofa Sscrofa11.1 + Oryza sativa IRGSP-1.0 (rice),
C15_2_MSO,PRJNA1337460,Miao-style sour meat (suan rou),15d,China:Hu Nan,Sus scrofa Sscrofa11.1 + Oryza sativa IRGSP-1.0 (rice),
C15_3_MSO,PRJNA1337460,Miao-style sour meat (suan rou),15d,China:Hu Nan,Sus scrofa Sscrofa11.1 + Oryza sativa IRGSP-1.0 (rice),
C30_1_MSO,PRJNA1337460,Miao-style sour meat (suan rou),30d,China:Hu Nan,Sus scrofa Sscrofa11.1 + Oryza sativa IRGSP-1.0 (rice),
C30_2_MSO,PRJNA1337460,Miao-style sour meat (suan rou),30d,China:Hu Nan,Sus scrofa Sscrofa11.1 + Oryza sativa IRGSP-1.0 (rice),
C30_3_MSO,PRJNA1337460,Miao-style sour meat (suan rou),30d,China:Hu Nan,Sus scrofa Sscrofa11.1 + Oryza sativa IRGSP-1.0 (rice),
C45_1_MSO,PRJNA1337460,Miao-style sour meat (suan rou),45d,China:Hu Nan,Sus scrofa Sscrofa11.1 + Oryza sativa IRGSP-1.0 (rice),
C45_2_MSO,PRJNA1337460,Miao-style sour meat (suan rou),45d,China:Hu Nan,Sus scrofa Sscrofa11.1 + Oryza sativa IRGSP-1.0 (rice),
C45_3_MSO,PRJNA1337460,Miao-style sour meat (suan rou),45d,China:Hu Nan,Sus scrofa Sscrofa11.1 + Oryza sativa IRGSP-1.0 (rice),
C60_1_MSO,PRJNA1337460,Miao-style sour meat (suan rou),60d,China:Hu Nan,Sus scrofa Sscrofa11.1 + Oryza sativa IRGSP-1.0 (rice),
C60_2_MSO,PRJNA1337460,Miao-style sour meat (suan rou),60d,China:Hu Nan,Sus scrofa Sscrofa11.1 + Oryza sativa IRGSP-1.0 (rice),
C60_3_MSO,PRJNA1337460,Miao-style sour meat (suan rou),60d,China:Hu Nan,Sus scrofa Sscrofa11.1 + Oryza sativa IRGSP-1.0 (rice),
Y0_1_MSO,PRJNA1337460,Miao-style sour meat (suan rou),0d,China:Hu Nan,Sus scrofa Sscrofa11.1 + Oryza sativa IRGSP-1.0 (rice),
Y0_2_MSO,PRJNA1337460,Miao-style sour meat (suan rou),0d,China:Hu Nan,Sus scrofa Sscrofa11.1 + Oryza sativa IRGSP-1.0 (rice),
Y0_3_MSO,PRJNA1337460,Miao-style sour meat (suan rou),0d,China:Hu Nan,Sus scrofa Sscrofa11.1 + Oryza sativa IRGSP-1.0 (rice),
Y15_1_MSO,PRJNA1337460,Miao-style sour meat (suan rou),15d,China:Hu Nan,Sus scrofa Sscrofa11.1 + Oryza sativa IRGSP-1.0 (rice),
Y15_2_MSO,PRJNA1337460,Miao-style sour meat (suan rou),15d,China:Hu Nan,Sus scrofa Sscrofa11.1 + Oryza sativa IRGSP-1.0 (rice),
Y15_3_MSO,PRJNA1337460,Miao-style sour meat (suan rou),15d,China:Hu Nan,Sus scrofa Sscrofa11.1 + Oryza sativa IRGSP-1.0 (rice),
Y30_1_MSO,PRJNA1337460,Miao-style sour meat (suan rou),30d,China:Hu Nan,Sus scrofa Sscrofa11.1 + Oryza sativa IRGSP-1.0 (rice),
Y30_2_MSO,PRJNA1337460,Miao-style sour meat (suan rou),30d,China:Hu Nan,Sus scrofa Sscrofa11.1 + Oryza sativa IRGSP-1.0 (rice),
Y30_3_MSO,PRJNA1337460,Miao-style sour meat (suan rou),30d,China:Hu Nan,Sus scrofa Sscrofa11.1 + Oryza sativa IRGSP-1.0 (rice),
Y45_1_MSO,PRJNA1337460,Miao-style sour meat (suan rou),45d,China:Hu Nan,Sus scrofa Sscrofa11.1 + Oryza sativa IRGSP-1.0 (rice),
Y45_2_MSO,PRJNA1337460,Miao-style sour meat (suan rou),45d,China:Hu Nan,Sus scrofa Sscrofa11.1 + Oryza sativa IRGSP-1.0 (rice),
Y45_3_MSO,PRJNA1337460,Miao-style sour meat (suan rou),45d,China:Hu Nan,Sus scrofa Sscrofa11.1 + Oryza sativa IRGSP-1.0 (rice),
Y60_1_MSO,PRJNA1337460,Miao-style sour meat (suan rou),60d,China:Hu Nan,Sus scrofa Sscrofa11.1 + Oryza sativa IRGSP-1.0 (rice),
Y60_2_MSO,PRJNA1337460,Miao-style sour meat (suan rou),60d,China:Hu Nan,Sus scrofa Sscrofa11.1 + Oryza sativa IRGSP-1.0 (rice),
Y60_3_MSO,PRJNA1337460,Miao-style sour meat (suan rou),60d,China:Hu Nan,Sus scrofa Sscrofa11.1 + Oryza sativa IRGSP-1.0 (rice),
CS_1_MS,PRJNA895928,Fermented mutton sausage,NA ,China: Chengdu,Ovis aries ARS-UI_Ramb_v2.0,
CS_2_MS,PRJNA895928,Fermented mutton sausage,NA ,China: Chengdu,Ovis aries ARS-UI_Ramb_v2.0,
CS_3_MS,PRJNA895928,Fermented mutton sausage,NA ,China: Chengdu,Ovis aries ARS-UI_Ramb_v2.0,
FJ_1_MS,PRJNA895928,Fermented mutton sausage,NA ,China: Chengdu,Ovis aries ARS-UI_Ramb_v2.0,
FJ_2_MS,PRJNA895928,Fermented mutton sausage,NA ,China: Chengdu,Ovis aries ARS-UI_Ramb_v2.0,
FJ_3_MS,PRJNA895928,Fermented mutton sausage,NA ,China: Chengdu,Ovis aries ARS-UI_Ramb_v2.0,
GZ_2_MS,PRJNA895928,Fermented mutton sausage,NA ,China: Chengdu,Ovis aries ARS-UI_Ramb_v2.0,
GZ_3_MS,PRJNA895928,Fermented mutton sausage,NA ,China: Chengdu,Ovis aries ARS-UI_Ramb_v2.0,
YZ_1_MS,PRJNA895928,Fermented mutton sausage,NA ,China: Chengdu,Ovis aries ARS-UI_Ramb_v2.0,
YZ_2_MS,PRJNA895928,Fermented mutton sausage,NA ,China: Chengdu,Ovis aries ARS-UI_Ramb_v2.0,
YZ_3_MS,PRJNA895928,Fermented mutton sausage,NA ,China: Chengdu,Ovis aries ARS-UI_Ramb_v2.0,
SP2BYd15,PRJNA636619,Salame Piemonte PGI (Italian dry-fermented salami),15d,"Piedmont (Piemonte), Turin area, Italy",Sus scrofa Sscrofa11.1,
SP2BXd15,PRJNA636619,Salame Piemonte PGI (Italian dry-fermented salami),15d,"Piedmont (Piemonte), Turin area, Italy",Sus scrofa Sscrofa11.1,
SP2BZd15,PRJNA636619,Salame Piemonte PGI (Italian dry-fermented salami),15d,"Piedmont (Piemonte), Turin area, Italy",Sus scrofa Sscrofa11.1,
SP2BYd30,PRJNA636619,Salame Piemonte PGI (Italian dry-fermented salami),30d,"Piedmont (Piemonte), Turin area, Italy",Sus scrofa Sscrofa11.1,
SP2BXd30,PRJNA636619,Salame Piemonte PGI (Italian dry-fermented salami),30d,"Piedmont (Piemonte), Turin area, Italy",Sus scrofa Sscrofa11.1,
SP2BZd30,PRJNA636619,Salame Piemonte PGI (Italian dry-fermented salami),30d,"Piedmont (Piemonte), Turin area, Italy",Sus scrofa Sscrofa11.1,
SP2BYd4,PRJNA636619,Salame Piemonte PGI (Italian dry-fermented salami),4d,"Piedmont (Piemonte), Turin area, Italy",Sus scrofa Sscrofa11.1,
SP2BXd4,PRJNA636619,Salame Piemonte PGI (Italian dry-fermented salami),4d,"Piedmont (Piemonte), Turin area, Italy",Sus scrofa Sscrofa11.1,
SP2BZd4,PRJNA636619,Salame Piemonte PGI (Italian dry-fermented salami),4d,"Piedmont (Piemonte), Turin area, Italy",Sus scrofa Sscrofa11.1,
SP2BYd50,PRJNA636619,Salame Piemonte PGI (Italian dry-fermented salami),50d,"Piedmont (Piemonte), Turin area, Italy",Sus scrofa Sscrofa11.1,
SP2BXd50,PRJNA636619,Salame Piemonte PGI (Italian dry-fermented salami),50d,"Piedmont (Piemonte), Turin area, Italy",Sus scrofa Sscrofa11.1,
SP2BZd50,PRJNA636619,Salame Piemonte PGI (Italian dry-fermented salami),50d,"Piedmont (Piemonte), Turin area, Italy",Sus scrofa Sscrofa11.1,
SP2BYd8,PRJNA636619,Salame Piemonte PGI (Italian dry-fermented salami),8d,"Piedmont (Piemonte), Turin area, Italy",Sus scrofa Sscrofa11.1,
SP2BXd8,PRJNA636619,Salame Piemonte PGI (Italian dry-fermented salami),8d,"Piedmont (Piemonte), Turin area, Italy",Sus scrofa Sscrofa11.1,
SP2BZd8,PRJNA636619,Salame Piemonte PGI (Italian dry-fermented salami),8d,"Piedmont (Piemonte), Turin area, Italy",Sus scrofa Sscrofa11.1,
SF3RAt0,PRJNA352236,Salame Felino-type Italian dry-fermented salami,0d,Italy,Sus scrofa Sscrofa11.1,
SF3RBt0,PRJNA352236,Salame Felino-type Italian dry-fermented salami,0d,Italy,Sus scrofa Sscrofa11.1,
SF3RAt3,PRJNA352236,Salame Felino-type Italian dry-fermented salami,3d,Italy,Sus scrofa Sscrofa11.1,
SF3RBt3,PRJNA352236,Salame Felino-type Italian dry-fermented salami,3d,Italy,Sus scrofa Sscrofa11.1,
SF3RAt40,PRJNA352236,Salame Felino-type Italian dry-fermented salami,40d,Italy,Sus scrofa Sscrofa11.1,
SF3RBt40,PRJNA352236,Salame Felino-type Italian dry-fermented salami,40d,Italy,Sus scrofa Sscrofa11.1,
SF3RAt7,PRJNA352236,Salame Felino-type Italian dry-fermented salami,7d,Italy,Sus scrofa Sscrofa11.1,
SF3RBt7,PRJNA352236,Salame Felino-type Italian dry-fermented salami,7d,Italy,Sus scrofa Sscrofa11.1,
SAP1,,Ciauscolo PGI,72d,Italy,Sus scrofa Sscrofa11.1,within PGI area (Ascoli Piceno); reported biological replicate A
SAP2,,Ciauscolo PGI,72d,Italy,Sus scrofa Sscrofa11.1,within PGI area (Ascoli Piceno); reported biological replicate B
SMC1,,Ciauscolo PGI,44d,Italy,Sus scrofa Sscrofa11.1,within PGI area (Macerata); reported biological replicate A
SMC2,,Ciauscolo PGI,44d,Italy,Sus scrofa Sscrofa11.1,within PGI area (Macerata); reported biological replicate B
SPG1,,Ciauscolo-type product (outside PGI area),NA,Italy,Sus scrofa Sscrofa11.1,"outside PGI area (Perugia, Umbria); reported biological replicate A"
SPG2,,Ciauscolo-type product (outside PGI area),NA ,Italy,Sus scrofa Sscrofa11.1,"outside PGI area (Perugia, Umbria); reported biological replicate B"
