"taxon","frequency","degree","betweenness","closeness","community"
"Vibrio spp",20,22,0.0519,2.271,2
"Staphylococcus spp",98,21,0.0765,2.2031,2
"Weissella spp",42,21,0.0119,2.1998,2
"Bacillus spp",36,21,0.0697,2.271,2
"Carnobacterium spp",31,21,0.0578,2.3611,2
"Pediococcus spp",25,21,0.0621,2.3344,2
"Tetragenococcus spp",18,20,0.0153,2.1406,2
"Cobetia spp",15,20,0.0536,2.2637,2
"Pseudomonas spp",74,18,0.006,2.0542,2
"Psychrobacter spp",50,18,0.034,2.0804,2
"Brochothrix spp",46,18,0.0085,2.039,2
"Streptococcus spp",27,18,0.023,2.2111,2
"Acinetobacter spp",58,17,0.0051,1.969,2
"Mammaliicoccus sciuri",29,17,9e-04,2.0847,3
"Lactococcus garvieae",18,17,0.0281,2.1918,1
"Macrococcus spp",23,16,0.0094,2.02,2
"Leuconostoc spp",57,15,0.0017,1.9623,2
"Mammaliicoccus vitulinus",20,15,0.0017,1.997,3
"Enterococcus spp",68,14,0.0434,2.0219,2
"Lactococcus spp",62,14,0,1.8837,2
"Macrococcus caseolyticus",24,14,0.0468,2.1476,3
"Staphylococcus equorum",69,13,0.0162,2.0235,3
"Staphylococcus saprophyticus",54,13,0.0638,2.1323,3
"Latilactobacillus spp",17,13,0.0077,1.975,2
"Latilactobacillus curvatus",66,12,0.0196,1.8396,1
"Staphylococcus succinus",39,12,0.0247,1.9587,3
"Staphylococcus carnosus",29,12,0.0077,2.0453,3
"Brochothrix thermosphacta",27,12,0.0281,2.0967,1
"Pediococcus acidilactici",21,12,0.0578,2.1674,1
"Latilactobacillus sakei",124,11,0.085,2.0437,1
"Levilactobacillus brevis",29,11,0.0315,2.0938,1
"Staphylococcus xylosus",72,10,0.034,1.9613,3
"Halomonas spp",16,10,0.0043,1.8646,2
"Lactobacillus spp",73,8,0.023,1.9405,2
"Lactiplantibacillus plantarum",66,8,0.0221,1.5686,1
"Leuconostoc mesenteroides",37,8,0.0187,1.6762,1
"Enterococcus faecium",22,8,0.0357,1.92,1
"Debaryomyces spp",19,7,0.0085,1.8153,4
"Candida spp",15,7,0.0544,1.7303,4
"Leuconostoc carnosum",26,6,0.006,1.6893,1
"Aspergillus spp",23,6,0.0255,1.6891,4
"Photobacterium spp",19,6,0,1.545,2
"Lactococcus lactis",20,5,0,1.6297,1
"Penicillium spp",23,4,0,1.1137,4
"Weissella hellenica",17,4,0,1.4687,1
"Debaryomyces hansenii",41,3,9e-04,1.2323,4
"Staphylococcus epidermidis",16,3,0,1.4756,3
"Enterobacteriaceae spp",37,2,0.0051,1.5523,1
"Pediococcus pentosaceus",34,2,0.0017,1.5336,1
"Enterococcus faecalis",16,2,0,1.2737,1
