Shared by PGI shotgun and literature (n=15),Detected only by PGI shotgun (n=31),Reported only in previous literature (n=47)
Carnobacterium divergens,Acidipropionibacterium acidipropionici,Acinetobacter sp.
Debaryomyces hansenii,Aspergillus chevalieri,Alternaria tenuissima
Enterococcus faecalis,Chroococcidiopsis sp. CCMEE 29,Aspergillus sp.
Escherichia coli,Citrobacter freundii,Aureobasidium sp.
Lacticaseibacillus paracasei,Edwardsiella piscicida,Burkholderia sp.
Lactiplantibacillus paraplantarum,Enterobacter bugandensis,Candida galli
Lactiplantibacillus plantarum,Enterobacter hormaechei,Candida psychrophila
Lactococcus lactis,Enterococcus avium,Carnobacterium sp.
Latilactobacillus curvatus,Enterococcus devriesei,Cladosporium cladosporioides
Latilactobacillus sakei,Enterococcus gilvus,Cladosporium sp.
Levilactobacillus brevis,Enterococcus raffinosus,Debaryomyces sp.
Pediococcus pentosaceus,Enterococcus saigonensis,Dellaglioa algida
Staphylococcus saprophyticus,Erwinia persicina,Didymella negriana
Staphylococcus xylosus,Klebsiella grimontii,Enterobacteriaceae
Cutibacterium acnes (reported in the literature as Propionibacterium acnes),Klebsiella quasipneumoniae,Gardnerella sp.
,Lactiplantibacillus pentosus,Glomus hyderabadensis
,Lactococcus cremoris,Gluconacetobacter sp.
,Lactococcus garvieae,Hanseniaspora uvarum
,Lactococcus petauri,Kurtzmaniella santamariae
,Lactococcus sp. NH2-7C,Kurtzmaniella zeylanoides
,Lactococcus sp. bn62,Lacticaseibacillus casei
,Pantoea agglomerans,Lactobacillus delbrueckii
,Pantoea dispersa,Lactobacillus johnsonii
,Pseudomonas simiae,Lactobacillus sakei subsp. sakei
,Rahnella aquatilis,Lactobacillus sp.
,Salinibacter ruber,Lactococcus lactis subsp. lactis
,Serratia liquefaciens,Lactococcus sp.
,Serratia odorifera,Leuconostoc mesenteroides
,Serratia rhizosphaerae,Malassezia globosa
,Serratia sp. 1D1416,Malassezia sp.
,Vagococcus fluvialis,Malassezia yamatoensis
,,Pediococcus acidilactici
,,Penicillium hirsutum
,,Penicillium roqueforti
,,Penicillium sp.
,,Pseudomonas sp.
,,Psychrobacter sp.
,,Rhizopus oryzae
,,Rhodotorula mucilaginosa
,,Saccharomyces barnettii
,,Staphylococcus epidermidis
,,Staphylococcus equorum
,,Staphylococcus sp.
,,Streptococcus infantis
,,Tausonia pullulans
,,Weissella hellenica
,,Yarrowia deformans
