"taxon_A","taxon_B","a_both","b_only_A","c_only_B","d_neither","phi","p_value","p_adj"
"Latilactobacillus sakei","Staphylococcus spp",27,97,71,87,-0.2414,5.22422754332336e-05,0.000400199587403272
"Latilactobacillus sakei","Lactobacillus spp",16,108,57,101,-0.2626,9.3658828624082e-06,0.00010770274233357
"Latilactobacillus sakei","Staphylococcus xylosus",45,79,27,131,0.2186,0.000320871071239068,0.00181136895054313
"Latilactobacillus sakei","Staphylococcus equorum",46,78,23,135,0.2602,2.22517280692083e-05,0.00020967974526754
"Latilactobacillus sakei","Lactiplantibacillus plantarum",44,80,22,136,0.2527,3.20827476953244e-05,0.000276756064564602
"Latilactobacillus sakei","Latilactobacillus curvatus",61,63,5,153,0.5396,4.88815817070392e-21,1.19759875182246e-18
"Latilactobacillus sakei","Staphylococcus saprophyticus",34,90,20,138,0.1862,0.00220315129524811,0.00893662363138722
"Latilactobacillus sakei","Leuconostoc mesenteroides",26,98,11,147,0.2059,0.000659479068286137,0.0032706957840102
"Latilactobacillus sakei","Brochothrix thermosphacta",26,98,1,157,0.343,1.75788203303365e-09,6.76141691675173e-08
"Latilactobacillus sakei","Leuconostoc carnosum",24,100,2,156,0.3103,8.83570696664939e-08,1.898901935815e-06
"Latilactobacillus sakei","Pediococcus acidilactici",16,108,5,153,0.1841,0.00251537378839772,0.00997195110287121
"Latilactobacillus sakei","Lactococcus garvieae",16,108,2,156,0.2363,8.28410058733411e-05,0.000586590937542445
"Latilactobacillus sakei","Weissella hellenica",15,109,2,156,0.2259,0.000174523220805504,0.00110772510614892
"Latilactobacillus sakei","Halomonas spp",0,124,16,142,-0.2173,9.28478874791354e-05,0.00063541152045777
"Staphylococcus spp","Pseudomonas spp",43,55,31,153,0.2926,1.87535526997955e-06,2.67129093688947e-05
"Staphylococcus spp","Lactobacillus spp",47,51,26,158,0.3678,1.76624768437596e-09,6.76141691675173e-08
"Staphylococcus spp","Lactococcus spp",41,57,21,163,0.3498,1.8421932290158e-08,4.70143063655075e-07
"Staphylococcus spp","Acinetobacter spp",39,59,19,165,0.3472,1.90664716820076e-08,4.73416858000857e-07
"Staphylococcus spp","Leuconostoc spp",32,66,25,159,0.2261,0.000282857134036339,0.00164999994854531
"Staphylococcus spp","Psychrobacter spp",38,60,12,172,0.4021,8.51791192134025e-11,4.53671395810513e-09
"Staphylococcus spp","Brochothrix spp",34,64,12,172,0.3631,3.56596389707466e-09,1.18062318213958e-07
"Staphylococcus spp","Weissella spp",32,66,10,174,0.364,5.57733335805089e-09,1.79795614831904e-07
"Staphylococcus spp","Bacillus spp",23,75,13,171,0.2341,0.000146493423626337,0.000944497073380331
"Staphylococcus spp","Carnobacterium spp",19,79,12,172,0.1959,0.0021696756633721,0.00885950895876941
"Staphylococcus spp","Streptococcus spp",19,79,8,176,0.2434,8.50128971534335e-05,0.000597279744324474
"Staphylococcus spp","Pediococcus spp",19,79,6,178,0.2702,1.26912837871059e-05,0.000133263305352619
"Staphylococcus spp","Aspergillus spp",15,83,8,176,0.1907,0.0023662707613968,0.00944195987853774
"Staphylococcus spp","Macrococcus spp",21,77,2,182,0.3539,6.36988759210194e-09,2.00079802572433e-07
"Staphylococcus spp","Vibrio spp",17,81,3,181,0.2915,2.41267551715236e-06,3.24783242693586e-05
"Staphylococcus spp","Debaryomyces spp",14,84,5,179,0.2198,0.000615045654356004,0.00320608904930257
"Staphylococcus spp","Tetragenococcus spp",16,82,2,182,0.2969,1.47339786599205e-06,2.17459323595212e-05
"Staphylococcus spp","Latilactobacillus spp",14,84,3,181,0.2532,4.71769201393121e-05,0.000370459789555496
"Staphylococcus spp","Halomonas spp",14,84,2,182,0.2717,1.17825921565923e-05,0.000127731640635625
"Staphylococcus spp","Candida spp",13,85,2,182,0.2584,3.25507346052764e-05,0.000276756064564602
"Staphylococcus spp","Cobetia spp",13,85,2,182,0.2584,3.25507346052764e-05,0.000276756064564602
"Pseudomonas spp","Enterococcus spp",32,42,36,172,0.2667,2.63375745832352e-05,0.000238989102699727
"Pseudomonas spp","Lactiplantibacillus plantarum",5,69,61,147,-0.2345,4.51190366484781e-05,0.000356585934802488
"Pseudomonas spp","Lactococcus spp",31,43,31,177,0.2867,5.68242813257327e-06,7.03128733575985e-05
"Pseudomonas spp","Acinetobacter spp",47,27,11,197,0.6338,7.24328559128041e-24,8.8730248493185e-21
"Pseudomonas spp","Leuconostoc spp",32,42,25,183,0.3421,5.57608761365634e-08,1.241946786678e-06
"Pseudomonas spp","Psychrobacter spp",39,35,11,197,0.5462,9.46993088109934e-18,1.65723790419238e-15
"Pseudomonas spp","Brochothrix spp",32,42,14,194,0.4348,1.06529202413186e-11,7.67636899742074e-10
"Pseudomonas spp","Weissella spp",23,51,19,189,0.2712,1.82133651021948e-05,0.000177074382938005
"Pseudomonas spp","Bacillus spp",23,51,13,195,0.3274,3.39239102780138e-07,5.93668429865241e-06
"Pseudomonas spp","Carnobacterium spp",19,55,12,196,0.28,1.27280054908216e-05,0.000133263305352619
"Pseudomonas spp","Brochothrix thermosphacta",17,57,10,198,0.2716,2.49848057328183e-05,0.000230123210697011
"Pseudomonas spp","Streptococcus spp",17,57,10,198,0.2716,2.49848057328183e-05,0.000230123210697011
"Pseudomonas spp","Pediococcus spp",15,59,10,198,0.2393,0.000191626075358411,0.00120380483237976
"Pseudomonas spp","Vibrio spp",15,59,5,203,0.3062,2.96450095912849e-06,3.9048534139058e-05
"Pseudomonas spp","Photobacterium spp",16,58,3,205,0.3542,6.58978684014997e-08,1.44151587128281e-06
"Pseudomonas spp","Tetragenococcus spp",15,59,3,205,0.3389,2.49316241420736e-07,4.55839396627464e-06
"Pseudomonas spp","Halomonas spp",12,62,4,204,0.2718,3.68771699707714e-05,0.000305233332528344
"Pseudomonas spp","Cobetia spp",10,64,5,203,0.2178,0.000866157549353546,0.00404978243495456
"Lactobacillus spp","Enterococcus spp",31,42,37,172,0.2536,5.22709665179784e-05,0.000400199587403272
"Lactobacillus spp","Lactococcus spp",34,39,28,181,0.3509,3.77722295357151e-08,8.56870021875019e-07
"Lactobacillus spp","Psychrobacter spp",23,50,27,182,0.2132,0.00064546392760087,0.00326747001622387
"Lactobacillus spp","Weissella spp",23,50,19,190,0.2758,1.41301372473754e-05,0.000144245151066957
"Lactobacillus spp","Streptococcus spp",14,59,13,196,0.1929,0.00234090889718197,0.00939193571119746
"Lactobacillus spp","Pediococcus spp",15,58,10,199,0.2429,0.000159728212146947,0.00102443486848173
"Lactobacillus spp","Candida spp",10,63,5,204,0.2207,0.000765103002628934,0.00370001696257182
"Staphylococcus xylosus","Staphylococcus equorum",42,30,27,183,0.4613,1.90462477150987e-13,2.12105940463599e-11
"Staphylococcus xylosus","Staphylococcus saprophyticus",35,37,19,191,0.4384,5.76213672083434e-12,4.41163592688879e-10
"Staphylococcus xylosus","Staphylococcus succinus",25,47,14,196,0.3544,3.69307248547829e-08,8.53587508436021e-07
"Staphylococcus xylosus","Carnobacterium spp",16,56,15,195,0.2102,0.000908894775439234,0.00421740946936766
"Staphylococcus xylosus","Staphylococcus carnosus",22,50,7,203,0.3908,2.14919640593854e-09,7.97807756749913e-08
"Staphylococcus xylosus","Mammaliicoccus sciuri",18,54,11,199,0.2837,1.13069898440822e-05,0.000123670201419649
"Staphylococcus xylosus","Pediococcus acidilactici",13,59,8,202,0.2366,0.000265916219119718,0.0015660931174118
"Staphylococcus xylosus","Mammaliicoccus vitulinus",19,53,1,209,0.4402,1.20055568268564e-11,8.17044839605506e-10
"Staphylococcus xylosus","Staphylococcus epidermidis",11,61,5,205,0.2431,0.000224579037568256,0.00136870308965728
"Staphylococcus equorum","Latilactobacillus curvatus",32,37,34,179,0.3088,9.63209838150983e-07,1.49358487561387e-05
"Staphylococcus equorum","Staphylococcus saprophyticus",41,28,13,200,0.5825,9.20795427187892e-20,1.87995733050861e-17
"Staphylococcus equorum","Staphylococcus succinus",36,33,3,210,0.6322,7.53865401464466e-23,4.61742558396985e-20
"Staphylococcus equorum","Bacillus spp",17,52,19,194,0.2025,0.00148309329541232,0.00642183483920619
"Staphylococcus equorum","Staphylococcus carnosus",15,54,14,199,0.2147,0.00091626446772839,0.00423556216214067
"Staphylococcus equorum","Mammaliicoccus sciuri",22,47,7,206,0.4047,7.76693480279921e-10,3.17149837780968e-08
"Staphylococcus equorum","Brochothrix thermosphacta",17,52,10,203,0.2914,8.11979594624444e-06,9.65703886810625e-05
"Staphylococcus equorum","Macrococcus caseolyticus",15,54,9,204,0.2698,3.68380064651443e-05,0.000305233332528344
"Staphylococcus equorum","Mammaliicoccus vitulinus",19,50,1,212,0.4533,4.77886430943127e-12,3.90273918603554e-10
"Staphylococcus equorum","Lactococcus garvieae",12,57,6,207,0.2563,0.000106301536348338,0.000711581322550349
"Staphylococcus equorum","Staphylococcus epidermidis",12,57,4,209,0.2883,1.61419594617929e-05,0.000159466938231421
"Enterococcus spp","Lactococcus spp",30,38,32,182,0.3012,2.62972121115995e-06,3.50153096051189e-05
"Enterococcus spp","Leuconostoc spp",30,38,27,187,0.3355,1.32093147885636e-07,2.65269026491646e-06
"Enterococcus spp","Weissella spp",26,42,16,198,0.3696,1.1169324583445e-08,3.18195874760932e-07
"Enterococcus spp","Enterobacteriaceae spp",18,50,19,195,0.2229,0.000654141441994764,0.00326747001622387
"Enterococcus spp","Bacillus spp",20,48,16,198,0.2812,1.23504434317806e-05,0.000131559071338533
"Enterococcus spp","Carnobacterium spp",24,44,7,207,0.4379,2.96130579861606e-11,1.81379980165234e-09
"Enterococcus spp","Brochothrix thermosphacta",14,54,13,201,0.211,0.00133019141152072,0.00581958742540317
"Enterococcus spp","Streptococcus spp",21,47,6,208,0.4082,6.81662385165112e-10,2.98227293509736e-08
"Enterococcus spp","Pediococcus spp",16,52,9,205,0.2908,9.50828609112485e-06,0.00010770274233357
"Enterococcus spp","Macrococcus spp",14,54,9,205,0.2561,9.11174248470333e-05,0.000627072165379864
"Enterococcus spp","Vibrio spp",13,55,7,207,0.2641,6.3711406496438e-05,0.000470159475651425
"Enterococcus spp","Latilactobacillus spp",10,58,7,207,0.2055,0.00166788109400724,0.00702114893525383
"Lactiplantibacillus plantarum","Latilactobacillus curvatus",34,32,32,184,0.367,7.14193014462298e-09,2.18721610679079e-07
"Lactiplantibacillus plantarum","Leuconostoc mesenteroides",18,48,19,197,0.2317,0.000285920678892532,0.0016590185087315
"Lactiplantibacillus plantarum","Pediococcus pentosaceus",16,50,18,198,0.2069,0.00183107014278059,0.00757121686306453
"Lactiplantibacillus plantarum","Levilactobacillus brevis",21,45,8,208,0.3919,3.42365357023148e-09,1.16499322875932e-07
"Lactiplantibacillus plantarum","Enterococcus faecium",14,52,8,208,0.2764,2.96734733610458e-05,0.000261510826383317
"Lactiplantibacillus plantarum","Weissella hellenica",12,54,5,211,0.2823,2.62434974499512e-05,0.000238989102699727
"Lactiplantibacillus plantarum","Enterococcus faecalis",10,56,6,210,0.2265,0.000650474805629619,0.00326747001622387
"Latilactobacillus curvatus","Staphylococcus saprophyticus",26,40,28,188,0.2844,8.62952589882587e-06,0.000100677802152969
"Latilactobacillus curvatus","Staphylococcus succinus",19,47,20,196,0.2395,0.000173735797258781,0.00110772510614892
"Latilactobacillus curvatus","Leuconostoc mesenteroides",22,44,15,201,0.3309,3.651312340823e-07,6.21230224653913e-06
"Latilactobacillus curvatus","Levilactobacillus brevis",15,51,14,202,0.2265,0.000692618534891226,0.00340746066362149
"Latilactobacillus curvatus","Leuconostoc carnosum",15,51,11,205,0.2581,7.72502371247792e-05,0.000550183374871247
"Latilactobacillus curvatus","Enterococcus faecium",14,52,8,208,0.2764,2.96734733610458e-05,0.000261510826383317
"Latilactobacillus curvatus","Lactococcus lactis",11,55,9,207,0.2062,0.00151408871749171,0.00653084041875827
"Latilactobacillus curvatus","Mammaliicoccus vitulinus",13,53,7,209,0.2714,4.40820576939319e-05,0.000350652731656276
"Latilactobacillus curvatus","Lactococcus garvieae",11,55,7,209,0.2325,0.000435287124123356,0.00235941029668633
"Lactococcus spp","Acinetobacter spp",26,36,32,188,0.2806,1.03744991173314e-05,0.000114493346114693
"Lactococcus spp","Leuconostoc spp",34,28,23,197,0.4577,1.30513354252598e-12,1.33232382466194e-10
"Lactococcus spp","Psychrobacter spp",27,35,23,197,0.3589,2.74023976676697e-08,6.45537252747987e-07
"Lactococcus spp","Brochothrix spp",20,42,26,194,0.2291,0.000333095594251612,0.00187175276586342
"Lactococcus spp","Weissella spp",23,39,19,201,0.3311,3.57500263371035e-07,6.16813834689462e-06
"Lactococcus spp","Carnobacterium spp",15,47,16,204,0.224,0.000767187190606729,0.00370001696257182
"Lactococcus spp","Streptococcus spp",19,43,8,212,0.3802,1.52809860805201e-08,3.98281020183769e-07
"Lactococcus spp","Macrococcus spp",21,41,2,218,0.4988,1.29283070660322e-13,1.58371761558894e-11
"Lactococcus spp","Vibrio spp",13,49,7,213,0.287,2.01480162339971e-05,0.000194119499409774
"Lactococcus spp","Latilactobacillus spp",13,49,4,216,0.3332,1.08620930668245e-06,1.6427239514642e-05
"Acinetobacter spp","Leuconostoc spp",27,31,30,194,0.3337,1.92128380075898e-07,3.56601917565114e-06
"Acinetobacter spp","Psychrobacter spp",38,20,12,212,0.6367,4.46724337577716e-22,1.42790028261559e-19
"Acinetobacter spp","Brochothrix spp",29,29,17,207,0.464,2.30490080264162e-12,2.17192575633537e-10
"Acinetobacter spp","Weissella spp",22,36,20,204,0.3293,4.93217868390854e-07,8.25975929797808e-06
"Acinetobacter spp","Bacillus spp",18,40,18,206,0.2786,2.0283506877103e-05,0.000194119499409774
"Acinetobacter spp","Carnobacterium spp",19,39,12,212,0.3541,1.31593757019765e-07,2.65269026491646e-06
"Acinetobacter spp","Streptococcus spp",15,43,12,212,0.2817,2.36479624090364e-05,0.000221135526344042
"Acinetobacter spp","Macrococcus caseolyticus",12,46,12,212,0.2221,0.000723248135967741,0.00354391586624193
"Acinetobacter spp","Macrococcus spp",11,47,12,212,0.201,0.00204153152468822,0.00839220173739286
"Acinetobacter spp","Vibrio spp",12,46,8,216,0.2695,6.78259243463444e-05,0.000497389977072103
"Acinetobacter spp","Photobacterium spp",14,44,5,219,0.3532,3.07440461734638e-07,5.5384494944843e-06
"Acinetobacter spp","Tetragenococcus spp",13,45,5,219,0.3337,1.33776765862918e-06,1.99849436807409e-05
"Acinetobacter spp","Halomonas spp",10,48,6,218,0.2544,0.000195290273146834,0.00121685293288451
"Acinetobacter spp","Cobetia spp",11,47,4,220,0.3094,8.41212922277934e-06,9.90851759413912e-05
"Leuconostoc spp","Psychrobacter spp",19,38,31,194,0.2056,0.00148357490571049,0.00642183483920619
"Leuconostoc spp","Brochothrix spp",23,34,23,202,0.3275,4.9895688820439e-07,8.25975929797808e-06
"Leuconostoc spp","Weissella spp",26,31,16,209,0.4343,6.87112528441065e-11,4.00815641590621e-09
"Leuconostoc spp","Bacillus spp",16,41,20,205,0.2308,0.000495679483739746,0.00262860332286229
"Leuconostoc spp","Carnobacterium spp",17,40,14,211,0.303,5.29441502672022e-06,6.61801878340027e-05
"Leuconostoc spp","Brochothrix thermosphacta",14,43,13,212,0.2564,0.000108683653888413,0.000723573239202753
"Leuconostoc spp","Streptococcus spp",17,40,10,215,0.3464,3.1900036095187e-07,5.66341220530494e-06
"Leuconostoc spp","Pediococcus spp",16,41,9,216,0.3401,5.7207774762109e-07,9.22099001099783e-06
"Leuconostoc spp","Macrococcus spp",15,42,8,217,0.334,1.00254179851004e-06,1.5351421289685e-05
"Leuconostoc spp","Latilactobacillus spp",14,43,3,222,0.3919,1.93231370612595e-08,4.73416858000857e-07
"Staphylococcus saprophyticus","Staphylococcus succinus",27,27,12,216,0.5099,5.58197601420667e-14,7.59768957489242e-12
"Staphylococcus saprophyticus","Staphylococcus carnosus",15,39,14,214,0.2803,2.75877701610056e-05,0.000246678966768116
"Staphylococcus saprophyticus","Mammaliicoccus sciuri",17,37,12,216,0.3396,5.60549810277618e-07,9.1556469012011e-06
"Staphylococcus saprophyticus","Streptococcus spp",12,42,15,213,0.2092,0.00134410949587722,0.00585955207277437
"Staphylococcus saprophyticus","Pediococcus spp",12,42,13,215,0.2287,0.00055383966572644,0.00291181798504244
"Staphylococcus saprophyticus","Macrococcus caseolyticus",11,43,13,215,0.2068,0.0016338967280066,0.00690180514416582
"Staphylococcus saprophyticus","Lactococcus lactis",10,44,10,218,0.2166,0.00119168567698541,0.00534605361146933
"Staphylococcus saprophyticus","Mammaliicoccus vitulinus",20,34,0,228,0.5677,1.54087966444595e-16,2.35947198618287e-14
"Staphylococcus saprophyticus","Staphylococcus epidermidis",12,42,4,224,0.3481,8.04372449633869e-07,1.26327724461729e-05
"Psychrobacter spp","Brochothrix spp",26,24,20,212,0.4484,2.48985575092107e-11,1.60530173414648e-09
"Psychrobacter spp","Weissella spp",18,32,24,208,0.2752,2.6581367506843e-05,0.000239427758793255
"Psychrobacter spp","Bacillus spp",15,35,21,211,0.2397,0.000246271730352666,0.00147162375454642
"Psychrobacter spp","Carnobacterium spp",13,37,18,214,0.2227,0.000681447150506399,0.00336601919100943
"Psychrobacter spp","Streptococcus spp",12,38,15,217,0.2276,0.000604593444645201,0.00316507252004432
"Psychrobacter spp","Macrococcus caseolyticus",11,39,13,219,0.2244,0.000782773442424469,0.00374569323035146
"Psychrobacter spp","Macrococcus spp",10,40,13,219,0.2009,0.0023836621773124,0.00948047456885612
"Psychrobacter spp","Vibrio spp",12,38,8,224,0.3058,1.19357362836885e-05,0.000128256815329108
"Psychrobacter spp","Photobacterium spp",10,40,9,223,0.2456,0.000345875401052677,0.00192589711949786
"Psychrobacter spp","Tetragenococcus spp",14,36,4,228,0.4105,1.00795547297891e-08,2.93987012952183e-07
"Psychrobacter spp","Halomonas spp",13,37,3,229,0.4079,1.52292504617542e-08,3.98281020183769e-07
"Psychrobacter spp","Cobetia spp",11,39,4,228,0.3451,1.56670950752828e-06,2.28478469847874e-05
"Brochothrix spp","Weissella spp",20,26,22,214,0.3545,1.4279827871299e-07,2.82141760360342e-06
"Brochothrix spp","Bacillus spp",14,32,22,214,0.2338,0.00037392393925917,0.002072655319423
"Brochothrix spp","Pediococcus pentosaceus",0,46,34,202,-0.1635,0.00233332252225974,0.00939193571119746
"Brochothrix spp","Carnobacterium spp",15,31,16,220,0.3051,7.83344893543403e-06,9.50096529297691e-05
"Brochothrix spp","Staphylococcus carnosus",13,33,16,220,0.2613,0.000110455607898564,0.000727463009009362
"Brochothrix spp","Mammaliicoccus sciuri",13,33,16,220,0.2613,0.000110455607898564,0.000727463009009362
"Brochothrix spp","Pediococcus spp",13,33,12,224,0.3013,1.39975127014701e-05,0.000144245151066957
"Brochothrix spp","Macrococcus caseolyticus",10,36,14,222,0.2093,0.00173541844045234,0.0072804369505278
"Brochothrix spp","Vibrio spp",11,35,9,227,0.2893,3.86384374373241e-05,0.00031554723907148
"Brochothrix spp","Photobacterium spp",12,34,7,229,0.3408,1.96785839992748e-06,2.77083510334617e-05
"Brochothrix spp","Tetragenococcus spp",14,32,4,232,0.4344,2.74696971939447e-09,9.61439401788064e-08
"Brochothrix spp","Latilactobacillus spp",10,36,7,229,0.2914,4.30616053998844e-05,0.000344774291600382
"Brochothrix spp","Cobetia spp",8,38,7,229,0.2375,0.000741940193293688,0.00362102285571621
"Weissella spp","Bacillus spp",15,27,21,219,0.2877,2.13040276387367e-05,0.000202305688817461
"Weissella spp","Carnobacterium spp",14,28,17,223,0.2988,1.40964058231097e-05,0.000144245151066957
"Weissella spp","Levilactobacillus brevis",11,31,18,222,0.2191,0.00104520038115336,0.00475974151268725
"Weissella spp","Streptococcus spp",12,30,15,225,0.2701,8.81116790384439e-05,0.000609812467921433
"Weissella spp","Pediococcus spp",17,25,8,232,0.4652,1.6686155332362e-10,7.86174626236285e-09
"Weissella spp","Macrococcus caseolyticus",11,31,13,227,0.2651,0.000134119096761921,0.000873914327305072
"Weissella spp","Macrococcus spp",16,26,7,233,0.4576,4.16345594707513e-10,1.8889753833952e-08
"Weissella spp","Pediococcus acidilactici",9,33,12,228,0.2228,0.00118537949298147,0.00533856573125844
"Weissella spp","Vibrio spp",10,32,10,230,0.2724,0.00011616266089364,0.00076095860745834
"Weissella spp","Lactococcus garvieae",10,32,8,232,0.2982,3.46573242686626e-05,0.00029078919335008
"Weissella spp","Tetragenococcus spp",8,34,10,230,0.2167,0.00177291233444443,0.00741234679076597
"Weissella spp","Latilactobacillus spp",12,30,5,235,0.3962,9.53433604825763e-08,2.01371752743372e-06
"Debaryomyces hansenii","Aspergillus spp",11,30,12,229,0.2814,6.29251688758426e-05,0.00046717170832065
"Debaryomyces hansenii","Penicillium spp",12,29,11,230,0.3182,7.99616940187252e-06,9.60324266401357e-05
"Debaryomyces hansenii","Candida spp",9,32,6,235,0.3057,3.27588811117284e-05,0.000276756064564602
"Staphylococcus succinus","Bacillus spp",12,27,24,219,0.2161,0.00106217044990049,0.00481910667084482
"Staphylococcus succinus","Staphylococcus carnosus",11,28,18,225,0.2364,0.00050276918239311,0.00265470796737741
"Staphylococcus succinus","Mammaliicoccus sciuri",14,25,15,228,0.3378,1.74016208292379e-06,2.50788064891959e-05
"Staphylococcus succinus","Brochothrix thermosphacta",13,26,14,229,0.3235,4.91574389738565e-06,6.20802708690455e-05
"Staphylococcus succinus","Leuconostoc carnosum",10,29,16,227,0.2274,0.000859090805110362,0.00404763937023151
"Staphylococcus succinus","Macrococcus caseolyticus",10,29,14,229,0.2459,0.00039182665667484,0.00214280202869053
"Staphylococcus succinus","Mammaliicoccus vitulinus",15,24,5,238,0.4896,8.42767439620796e-11,4.53671395810513e-09
"Staphylococcus succinus","Lactococcus garvieae",8,31,10,233,0.2316,0.00103029900768428,0.00470938912094493
"Enterobacteriaceae spp","Leuconostoc mesenteroides",14,23,23,222,0.2845,3.06579195540587e-05,0.000268256796098013
"Leuconostoc mesenteroides","Levilactobacillus brevis",12,25,17,228,0.2834,4.87159109783303e-05,0.000377702474357308
"Leuconostoc mesenteroides","Leuconostoc carnosum",11,26,15,230,0.2755,8.75962343188123e-05,0.000609689699094006
"Leuconostoc mesenteroides","Lactococcus lactis",11,26,9,236,0.3427,3.36858034289984e-06,4.3899052340982e-05
"Leuconostoc mesenteroides","Weissella hellenica",8,29,9,236,0.2546,0.000426810036675323,0.00232374353301009
"Bacillus spp","Carnobacterium spp",16,20,15,231,0.4091,1.43488569155449e-08,3.90607771589834e-07
"Bacillus spp","Mammaliicoccus sciuri",13,23,16,230,0.3253,4.67488787454276e-06,5.96535171491133e-05
"Bacillus spp","Streptococcus spp",14,22,13,233,0.3811,1.59243555315898e-07,3.09640246447579e-06
"Bacillus spp","Pediococcus spp",10,26,15,231,0.2545,0.000277769756918469,0.001628076326436
"Bacillus spp","Macrococcus spp",9,27,14,232,0.2354,0.000748307150288841,0.00363760420279298
"Bacillus spp","Mammaliicoccus vitulinus",9,27,11,235,0.2669,0.000205043242368414,0.00126857561566317
"Bacillus spp","Vibrio spp",13,23,7,239,0.4325,1.15420250037348e-08,3.21340468853979e-07
"Bacillus spp","Tetragenococcus spp",10,26,8,238,0.3348,7.15777850810474e-06,8.76827867242831e-05
"Bacillus spp","Latilactobacillus spp",7,29,10,236,0.2156,0.00234606720622565,0.00939193571119746
"Bacillus spp","Halomonas spp",7,29,9,237,0.2277,0.00152229830144856,0.00654321199745435
"Bacillus spp","Cobetia spp",10,26,5,241,0.3828,6.48058285650453e-07,1.03100181808027e-05
"Pediococcus pentosaceus","Pediococcus acidilactici",8,26,13,235,0.2268,0.00129049003185429,0.00568651183101259
"Carnobacterium spp","Levilactobacillus brevis",10,21,19,232,0.2542,0.000288466075395763,0.0016590185087315
"Carnobacterium spp","Staphylococcus carnosus",9,22,20,231,0.2169,0.00157970180851092,0.00671921776189539
"Carnobacterium spp","Mammaliicoccus sciuri",10,21,19,232,0.2542,0.000288466075395763,0.0016590185087315
"Carnobacterium spp","Brochothrix thermosphacta",10,21,17,234,0.2709,0.000141555134944821,0.000917486985753472
"Carnobacterium spp","Streptococcus spp",9,22,18,233,0.2324,0.000865596026603382,0.00404978243495456
"Carnobacterium spp","Pediococcus spp",9,22,16,235,0.2493,0.000441453729122922,0.00238229435319638
"Carnobacterium spp","Macrococcus spp",9,22,14,237,0.2681,0.00020644313591042,0.00127081829894605
"Carnobacterium spp","Mammaliicoccus vitulinus",9,22,11,240,0.3004,5.35599882769539e-05,0.000407521649933345
"Carnobacterium spp","Tetragenococcus spp",9,22,9,242,0.3256,1.80911884683595e-05,0.000177074382938005
"Carnobacterium spp","Cobetia spp",7,24,8,243,0.2703,0.000341872337017462,0.00191229960203831
"Levilactobacillus brevis","Brochothrix thermosphacta",10,19,17,236,0.2866,7.23597460823189e-05,0.000521415817357886
"Levilactobacillus brevis","Enterococcus faecium",9,20,13,240,0.2933,7.40597619196192e-05,0.000530545078079144
"Levilactobacillus brevis","Pediococcus acidilactici",8,21,13,240,0.2597,0.000383826799686737,0.00210846560366033
"Levilactobacillus brevis","Mammaliicoccus vitulinus",8,21,12,241,0.2703,0.000255494741183216,0.00151198578719536
"Levilactobacillus brevis","Lactococcus garvieae",9,20,9,244,0.3414,9.5833460525381e-06,0.00010770274233357
"Levilactobacillus brevis","Cobetia spp",6,23,9,244,0.2319,0.0018356338027185,0.00757121686306453
"Staphylococcus carnosus","Mammaliicoccus sciuri",12,17,17,236,0.3466,2.27594839613944e-06,3.13262560142788e-05
"Staphylococcus carnosus","Pediococcus spp",10,19,15,238,0.3051,3.21591515331203e-05,0.000276756064564602
"Staphylococcus carnosus","Pediococcus acidilactici",10,19,11,242,0.3487,4.55497948286887e-06,5.87352617527828e-05
"Staphylococcus carnosus","Mammaliicoccus vitulinus",12,17,8,245,0.4522,9.67041863317183e-09,2.88933239649646e-07
"Staphylococcus carnosus","Tetragenococcus spp",7,22,11,242,0.2459,0.0008494995050648,0.00403219390726402
"Staphylococcus carnosus","Cobetia spp",6,23,9,244,0.2319,0.0018356338027185,0.00757121686306453
"Mammaliicoccus sciuri","Streptococcus spp",10,19,17,236,0.2866,7.23597460823189e-05,0.000521415817357886
"Mammaliicoccus sciuri","Pediococcus spp",9,20,16,237,0.2641,0.000245983185116318,0.00147162375454642
"Mammaliicoccus sciuri","Macrococcus caseolyticus",11,18,13,240,0.357,2.03838896683501e-06,2.83753009587828e-05
"Mammaliicoccus sciuri","Macrococcus spp",8,21,15,238,0.2404,0.000799481969191682,0.00381076035898759
"Mammaliicoccus sciuri","Mammaliicoccus vitulinus",11,18,9,244,0.4067,1.77784052862001e-07,3.40289788681173e-06
"Mammaliicoccus sciuri","Vibrio spp",8,21,12,241,0.2703,0.000255494741183216,0.00151198578719536
"Mammaliicoccus sciuri","Lactococcus garvieae",9,20,9,244,0.3414,9.5833460525381e-06,0.00010770274233357
"Mammaliicoccus sciuri","Tetragenococcus spp",8,21,10,243,0.2937,0.000102565830261581,0.000694161005914015
"Mammaliicoccus sciuri","Cobetia spp",6,23,9,244,0.2319,0.0018356338027185,0.00757121686306453
"Brochothrix thermosphacta","Leuconostoc carnosum",8,19,18,237,0.2296,0.0012001344842074,0.00534605361146933
"Brochothrix thermosphacta","Macrococcus caseolyticus",8,19,16,239,0.2463,0.000645014573863436,0.00326747001622387
"Brochothrix thermosphacta","Lactococcus garvieae",8,19,10,245,0.3094,5.6889301840067e-05,0.000424935333866354
"Brochothrix thermosphacta","Cobetia spp",6,21,9,246,0.2451,0.0012145539564528,0.00537122237059452
"Streptococcus spp","Pediococcus spp",10,17,15,240,0.3225,1.50962579147091e-05,0.000150348910126168
"Streptococcus spp","Macrococcus spp",8,19,15,240,0.2553,0.000459349388583803,0.00246799561848754
"Streptococcus spp","Vibrio spp",9,18,11,244,0.3326,1.45649985589239e-05,0.000146246911759687
"Streptococcus spp","Tetragenococcus spp",8,19,10,245,0.3094,5.6889301840067e-05,0.000424935333866354
"Streptococcus spp","Cobetia spp",6,21,9,246,0.2451,0.0012145539564528,0.00537122237059452
"Leuconostoc carnosum","Lactococcus lactis",8,18,12,244,0.294,0.000105453329898425,0.000709782028162478
"Pediococcus spp","Macrococcus spp",11,14,12,245,0.4085,1.80725490386778e-07,3.40598039575081e-06
"Pediococcus spp","Pediococcus acidilactici",7,18,14,243,0.2442,0.00092626047632304,0.00426567324622452
"Pediococcus spp","Mammaliicoccus vitulinus",7,18,13,244,0.254,0.000656161325706998,0.00326747001622387
"Pediococcus spp","Vibrio spp",7,18,13,244,0.254,0.000656161325706998,0.00326747001622387
"Pediococcus spp","Lactococcus garvieae",7,18,11,246,0.2758,0.000304032333950955,0.00172425744949037
"Pediococcus spp","Tetragenococcus spp",7,18,11,246,0.2758,0.000304032333950955,0.00172425744949037
"Pediococcus spp","Latilactobacillus spp",11,14,6,251,0.4976,2.23069820903952e-09,8.03707442962769e-08
"Pediococcus spp","Candida spp",6,19,9,248,0.2596,0.000771313940675314,0.00370533167579318
"Macrococcus caseolyticus","Macrococcus spp",7,17,16,242,0.2341,0.00131436630406491,0.00577096316300899
"Macrococcus caseolyticus","Enterococcus faecium",7,17,15,243,0.243,0.000968507708984911,0.00444352787830156
"Macrococcus caseolyticus","Vibrio spp",8,16,12,246,0.3118,5.39520909434608e-05,0.00040797105806012
"Macrococcus caseolyticus","Lactococcus garvieae",12,12,6,252,0.5442,9.35518727199379e-11,4.77504350341350e-09
"Macrococcus caseolyticus","Tetragenococcus spp",7,17,11,247,0.2843,0.000227221550279701,0.00137204491386885
"Aspergillus spp","Penicillium spp",19,4,4,255,0.8106,4.66253153507133e-22,1.42790028261559e-19
"Aspergillus spp","Debaryomyces spp",12,11,7,252,0.5401,1.24750899193953e-10,6.11279406050371e-09
"Aspergillus spp","Candida spp",6,17,9,250,0.2758,0.000466524634676828,0.00248475077164832
"Aspergillus spp","Cobetia spp",6,17,9,250,0.2758,0.000466524634676828,0.00248475077164832
"Macrococcus spp","Vibrio spp",8,15,12,247,0.3215,3.7489555537647e-05,0.000308219500225621
"Macrococcus spp","Lactococcus garvieae",8,15,10,249,0.3462,1.4430124401093e-05,0.00014609010240776
"Macrococcus spp","Latilactobacillus spp",11,12,6,253,0.5233,7.06208311109693e-10,2.98312131417025e-08
"Penicillium spp","Debaryomyces spp",13,10,6,253,0.5918,2.90136802043396e-12,2.53869701787972e-10
"Penicillium spp","Candida spp",7,16,8,251,0.3335,3.96454409612339e-05,0.000320774470518406
"Enterococcus faecium","Pediococcus acidilactici",7,15,14,246,0.27,0.000378863253039546,0.00209057425663713
"Enterococcus faecium","Vibrio spp",6,16,14,246,0.2287,0.00211947722722812,0.0086834769342958
"Enterococcus faecium","Lactococcus garvieae",6,16,12,248,0.2486,0.00112699173693815,0.00509433534224809
"Enterococcus faecium","Enterococcus faecalis",7,15,9,251,0.3287,4.79174852621876e-05,0.000373878467810063
"Pediococcus acidilactici","Mammaliicoccus vitulinus",7,14,13,248,0.29,0.000189234347496736,0.00119490760661599
"Pediococcus acidilactici","Vibrio spp",6,15,14,247,0.2374,0.00161388868927091,0.00684087766213448
"Pediococcus acidilactici","Lactococcus garvieae",7,14,11,250,0.3127,8.53256777606391e-05,0.000597279744324474
"Pediococcus acidilactici","Tetragenococcus spp",6,15,12,249,0.2575,0.000852520997535822,0.00403219390726402
"Lactococcus lactis","Weissella hellenica",9,11,8,254,0.4524,1.10872429741349e-07,2.30201231242631e-06
"Mammaliicoccus vitulinus","Lactococcus garvieae",6,14,12,250,0.2669,0.000633322334742913,0.00324610820108815
"Mammaliicoccus vitulinus","Tetragenococcus spp",6,14,12,250,0.2669,0.000633322334742913,0.00324610820108815
"Mammaliicoccus vitulinus","Cobetia spp",6,14,9,253,0.3039,0.000195689818594489,0.00121685293288451
"Vibrio spp","Debaryomyces spp",6,14,13,249,0.2564,0.000884327796507521,0.00411901730312439
"Vibrio spp","Lactococcus garvieae",6,14,12,250,0.2669,0.000633322334742913,0.00324610820108815
"Vibrio spp","Tetragenococcus spp",6,14,12,250,0.2669,0.000633322334742913,0.00324610820108815
"Vibrio spp","Latilactobacillus spp",8,12,9,253,0.3944,2.37747339475926e-06,3.23600545397789e-05
"Vibrio spp","Halomonas spp",6,14,10,252,0.2905,0.000299222202130987,0.00171283737201149
"Vibrio spp","Cobetia spp",9,11,6,256,0.4885,2.46127717314576e-08,5.91189124922267e-07
"Debaryomyces spp","Halomonas spp",5,14,11,252,0.2398,0.00219668843130902,0.00893662363138722
"Debaryomyces spp","Candida spp",5,14,10,253,0.2515,0.00157784713880675,0.00671921776189539
"Debaryomyces spp","Cobetia spp",5,14,10,253,0.2515,0.00157784713880675,0.00671921776189539
"Photobacterium spp","Tetragenococcus spp",7,12,11,252,0.3349,3.98022200153451e-05,0.000320774470518406
"Photobacterium spp","Halomonas spp",6,13,10,253,0.301,0.000216396295301789,0.00132542730872346
"Lactococcus garvieae","Latilactobacillus spp",6,12,11,253,0.2996,0.000227367442869696,0.00137204491386885
"Lactococcus garvieae","Cobetia spp",5,13,10,254,0.2613,0.00119974502187746,0.00534605361146933
"Tetragenococcus spp","Latilactobacillus spp",5,13,12,252,0.2386,0.00227897203806831,0.0092136658304742
"Tetragenococcus spp","Halomonas spp",7,11,9,255,0.3749,1.0085386449489e-05,0.000112314530914764
"Tetragenococcus spp","Cobetia spp",6,12,9,255,0.326,9.9378546152512e-05,0.000676326216871262
"Latilactobacillus spp","Cobetia spp",6,11,9,256,0.3383,6.82134825698885e-05,0.000497389977072103
"Halomonas spp","Cobetia spp",5,11,10,256,0.2834,0.000651183495468381,0.00326747001622387
