MAG_representative,Preliminary_ID,Completeness_%,Contamination_%,WT_status,In_core_wildtype,Product(s)
DFS_chorizo.6,"Near the FastANI ~80% floor: assignment reliable only at order level (Mucorales); closest reference Mucor velutinosus NIH1002 but species unresolved - ANI 79.66% (reference GCF_035048745.1), aligned fraction 2070/3659 (~57%) | Intermediate operational category: contamination 6.52% >5% (possible mixed bin; interpret species assignment with caution)",50.43,6.52,wild_type,YES,DFS_chorizo
DFS_chorizo.9,"Near the FastANI ~80% floor: assignment reliable only at order level (Mucorales); closest reference Mucor velutinosus NIH1002 but species unresolved - ANI 79.64% (reference GCF_035048745.1), aligned fraction 2146/3667 (~59%) | Intermediate operational category: contamination 7.39% >5% (possible mixed bin; interpret species assignment with caution)",53.91,7.39,wild_type,YES,DFS_chorizo
merged.0,No FastANI hit (no reference above the ~80% floor); retained as Debaryomycetaceae (yeasts) - preliminary assignment by EukCC,85.51,0.00,wild_type,YES,DFS_salchichon/merged
dry_aged_beef.12,"Closest to Penicillium verrucosum IBT 35672 - ANI 97.58% (reference GCF_028828655.1), aligned fraction 6771/7537",95.86,0.00,wild_type,YES,DFS_salchichon/dry_aged_beef
cured_tongue.14,"Closest to Penicillium solitum IBT 25940 - ANI 99.53% (reference GCF_028829755.1), aligned fraction 6257/6615",85.71,0.75,wild_type,YES,cecina/cured_tongue
DFS_chorizo.24,"Closest to Penicillium solitum IBT 25940 - ANI 93.75% (reference GCF_028829755.1), aligned fraction 8813/10247; Species assignment preliminary (ANI <95%; fungal species threshold not established; genus/family assignment reliable)",100,0.38,wild_type,YES,DFS_chorizo
DFS_chorizo.3,"Closest to Debaryomyces hansenii CBS767 - ANI 99.83% (reference GCF_000006445.2), aligned fraction 3836/3872",99.38,0.21,wild_type,YES,DFS_chorizo/DFS_salchichon/dry_aged_beef
cecina.7,"Closest to Debaryomyces hansenii CBS767 - ANI 91.17% (reference GCF_000006445.2), aligned fraction 1994/2147; Species assignment preliminary (ANI <95%; fungal species threshold not established; genus/family assignment reliable)",62.11,2.28,wild_type,YES,cecina
cecina.31,"Closest to Debaryomyces hansenii CBS767 - ANI 84.55% (reference GCF_000006445.2), aligned fraction 2789/3076; Species assignment preliminary (ANI <95%; fungal species threshold not established; genus/family assignment reliable)",89.23,0.41,wild_type,YES,cecina
DFS_salchichon.24,"Closest to Aspergillus glaucus CBS 516.65 - ANI 92.96% (reference GCF_001890805.1), aligned fraction 7306/8256; Species assignment preliminary (ANI <95%; fungal species threshold not established; genus/family assignment reliable)",98.5,0.00,wild_type,YES,DFS_salchichon/cecina
cured_tongue.8,"Closest to Aspergillus glaucus CBS 516.65 - ANI 97.44% (reference GCF_001890805.1), aligned fraction 5698/6345 | Intermediate operational category: contamination 5.26% >5% (possible mixed bin; interpret species assignment with caution)",76.32,5.26,wild_type,YES,cured_tongue
miao_suanrou.85,"Closest to Saccharomyces cerevisiae S288C - ANI 99.38% (reference GCF_000146045.2), aligned fraction 3668/3683 | Inoculated Miao external group, excluded from the core",100,0.00,inoculated_Miao_external_group,NO,miao_suanrou
cecina.3,No FastANI hit (no reference above the ~80% floor); retained as Debaryomycetaceae (yeasts) - preliminary assignment by EukCC,76.81,0.21,wild_type,YES,cecina
cecina.22,OFF-TARGET: protist (Kipferlia (protist off-target)); no_hit FastANI (no reference below il floor ~80%); EXCLUDED from the wild-type core,71.43,1.59,off_target_protista (Kipferlia),NO,cecina
cecina.52,No FastANI hit (no reference above the ~80% floor); retained as Dipodascaceae (yeasts) - preliminary assignment by EukCC,87.16,0.00,wild_type,YES,cecina
